ref,archive,media_count,classification,building_id,class_method,verification,third_party_credit_flag,visual_file_inspected
F0001,False,1,BATIMENT_NOMME_AUTO,palais-maestro-serrano,named_alias,NOM_EXPLICITE_LEGENDE,False,False
F0002,False,1,BATIMENT_NOMME_AUTO,chiosco-ribaudo,named_alias,NOM_EXPLICITE_LEGENDE,False,False
F0003,False,1,SUJET_INCONNU,,unresolved,NON_IDENTIFIE,False,False
F0004,False,1,BATIMENT_NOMME_AUTO,farmacia-carme,named_alias,NOM_EXPLICITE_LEGENDE,False,False
F0005,False,1,BATIMENT_NOMME_AUTO,villino-florio,named_alias,NOM_EXPLICITE_LEGENDE,False,True
F0006,False,1,BATIMENT_NOMME_AUTO,gare-nord-valence,named_alias,NOM_EXPLICITE_LEGENDE,False,False
F0007,False,1,AMBIGU_LIEU_OU_DESCRIPTION,,generic_rule,A_EXAMINER,False,False
F0008,False,1,BATIMENT_NOMME_AUTO,maison-bergeret,named_alias,NOM_EXPLICITE_LEGENDE,False,False
F0009,False,1,BATIMENT_NOMME_AUTO,maison-huot,named_alias,SERIE_MULTIVUES_VERIFIEE_PARTIELLEMENT,False,False
F0010,False,1,AMBIGU_IDENTITE,,named_alias,A_EXAMINER,False,False
F0011,False,1,BATIMENT_NOMME_AUTO,villa-empain,named_alias,NOM_EXPLICITE_LEGENDE,False,False
F0012,False,1,BATIMENT_NOMME_AUTO,casina-cinese,named_alias,SERIE_MULTIVUES_VERIFIEE_PARTIELLEMENT,False,False
F0013,False,1,BATIMENT_NOMME_AUTO,villino-florio,named_alias,NOM_EXPLICITE_LEGENDE,False,True
F0014,False,1,SUJET_INCONNU,,unresolved,NON_IDENTIFIE,False,False
F0015,False,1,AMBIGU_LIEU_OU_DESCRIPTION,,generic_rule,A_EXAMINER,False,False
F0016,False,1,BATIMENT_NOMME_AUTO,gare-nord-valence,named_alias,NOM_EXPLICITE_LEGENDE,False,False
F0017,False,1,BATIMENT_NOMME_AUTO,villino-florio,named_alias,NOM_EXPLICITE_LEGENDE,False,True
F0018,False,1,BATIMENT_NOMME_AUTO,villino-florio,named_alias,NOM_EXPLICITE_LEGENDE,False,True
F0019,False,1,AMBIGU_LIEU_OU_DESCRIPTION,,generic_rule,A_EXAMINER,False,False
F0020,False,1,AMBIGU_LIEU_OU_DESCRIPTION,,generic_rule,A_EXAMINER,False,False
F0021,False,1,AMBIGU_LIEU_OU_DESCRIPTION,,generic_rule,A_EXAMINER,False,False
F0022,False,1,AMBIGU_LIEU_OU_DESCRIPTION,,generic_rule,A_EXAMINER,False,False
F0023,False,1,BATIMENT_NOMME_AUTO,maison-beeckman,named_alias,NOM_EXPLICITE_LEGENDE,False,False
F0024,False,1,BATIMENT_NOMME_AUTO,casa-segarra,named_alias,NOM_EXPLICITE_LEGENDE,False,False
F0025,False,1,AMBIGU_LIEU_OU_DESCRIPTION,,generic_rule,A_EXAMINER,False,False
F0026,False,1,AUTRE_CONTENU,,object_rule,CATEGORIE_AUTO,False,False
F0027,False,1,BATIMENT_NOMME_AUTO,villino-florio,named_alias,NOM_EXPLICITE_LEGENDE,False,True
F0028,False,1,BATIMENT_NOMME_AUTO,maison-huot,named_alias,SERIE_MULTIVUES_VERIFIEE_PARTIELLEMENT,False,False
F0029,False,3,BATIMENT_NOMME_AUTO,casina-cinese,named_alias,SERIE_MULTIVUES_VERIFIEE_PARTIELLEMENT,False,True
F0030,False,1,AMBIGU_LIEU_OU_DESCRIPTION,,generic_rule,A_EXAMINER,False,False
F0031,False,1,BATIMENT_NOMME_AUTO,casina-cinese,named_alias,SERIE_MULTIVUES_VERIFIEE_PARTIELLEMENT,False,False
F0032,False,1,BATIMENT_NOMME_AUTO,mercado-colon,named_alias,NOM_EXPLICITE_LEGENDE,False,False
F0033,False,1,AMBIGU_LIEU_OU_DESCRIPTION,,generic_rule,A_EXAMINER,False,False
F0034,False,1,AMBIGU_LIEU_OU_DESCRIPTION,,generic_rule,A_EXAMINER,False,False
F0035,False,1,AMBIGU_LIEU_OU_DESCRIPTION,,generic_rule,A_EXAMINER,False,False
F0036,False,1,AMBIGU_LIEU_OU_DESCRIPTION,,generic_rule,A_EXAMINER,False,False
F0037,False,1,AMBIGU_LIEU_OU_DESCRIPTION,,generic_rule,A_EXAMINER,False,False
F0038,False,1,BATIMENT_NOMME_AUTO,palau-mar-valence,named_alias,NOM_EXPLICITE_LEGENDE,False,False
F0039,False,1,BATIMENT_NOMME_AUTO,engelbrektskyrkan,named_alias,NOM_EXPLICITE_LEGENDE,False,False
F0040,False,1,BATIMENT_NOMME_AUTO,mercado-colon,named_alias,NOM_EXPLICITE_LEGENDE,False,False
F0041,False,1,BATIMENT_NOMME_AUTO,casa-punt-gantxo,named_alias,NOM_EXPLICITE_LEGENDE,False,False
F0042,False,1,AMBIGU_LIEU_OU_DESCRIPTION,,generic_rule,A_EXAMINER,False,False
F0043,False,1,SUJET_INCONNU,,unresolved,NON_IDENTIFIE,False,False
F0044,False,1,BATIMENT_NOMME_AUTO,dramaten-stockholm,named_alias,NOM_EXPLICITE_LEGENDE,False,False
F0045,False,1,BATIMENT_NOMME_AUTO,centralbadet,named_alias,NOM_EXPLICITE_LEGENDE,False,False
F0046,False,1,AUTRE_CONTENU,,object_rule,CATEGORIE_AUTO,False,False
F0047,False,1,AMBIGU_LIEU_OU_DESCRIPTION,,generic_rule,A_EXAMINER,False,False
F0048,False,1,AMBIGU_LIEU_OU_DESCRIPTION,,generic_rule,A_EXAMINER,False,False
F0049,False,1,BATIMENT_NOMME_AUTO,maison-saint-cyr,named_alias,IDENTITE_CIBLEE_VERIFIEE_LOT_PRECEDENT,False,False
F0050,False,1,AMBIGU_LIEU_OU_DESCRIPTION,,generic_rule,A_EXAMINER,False,False
F0051,False,1,AMBIGU_LIEU_OU_DESCRIPTION,,generic_rule,A_EXAMINER,False,False
F0052,False,1,BATIMENT_NOMME_AUTO,cimetiere-preville,named_alias,NOM_EXPLICITE_LEGENDE,False,False
F0053,False,1,BATIMENT_NOMME_AUTO,villa-resoart,named_alias,NOM_EXPLICITE_LEGENDE,False,False
F0054,False,1,SUJET_INCONNU,,unresolved,NON_IDENTIFIE,False,False
F0055,False,1,BATIMENT_NOMME_AUTO,maison-ambassadeur,named_alias,NOM_EXPLICITE_LEGENDE,False,False
F0056,False,1,AMBIGU_LIEU_OU_DESCRIPTION,,generic_rule,A_EXAMINER,False,False
F0057,False,1,BATIMENT_NOMME_AUTO,hotel-terminus-carcassonne,named_alias,NOM_EXPLICITE_LEGENDE,False,False
F0058,False,1,BATIMENT_NOMME_AUTO,casa-mila,named_alias,NOM_EXPLICITE_LEGENDE,False,False
F0059,False,1,BATIMENT_NOMME_AUTO,maison-spitzer,named_alias,SERIE_MULTIVUES_VERIFIEE_PARTIELLEMENT,False,False
F0060,False,1,BATIMENT_NOMME_AUTO,maison-huot,named_alias,SERIE_MULTIVUES_VERIFIEE_PARTIELLEMENT,False,True
F0061,False,1,BATIMENT_NOMME_AUTO,eglise-sainte-therese-wattrelos,named_alias,SERIE_MULTIVUES_VERIFIEE_PARTIELLEMENT,False,True
F0062,False,1,BATIMENT_NOMME_AUTO,maison-coilliot-lille,named_alias,IDENTITE_COMPATIBLE_ARTICLE_SITE,False,False
F0063,False,1,BATIMENT_NOMME_AUTO,cimetiere-preville,named_alias,NOM_EXPLICITE_LEGENDE,False,False
F0064,False,1,AMBIGU_LIEU_OU_DESCRIPTION,,generic_rule,A_EXAMINER,False,False
F0065,False,1,AMBIGU_LIEU_OU_DESCRIPTION,,generic_rule,A_EXAMINER,False,False
F0066,False,1,AMBIGU_LIEU_OU_DESCRIPTION,,generic_rule,A_EXAMINER,False,False
F0067,False,1,BATIMENT_NOMME_AUTO,immeuble-rue-abbeville,named_alias,NOM_EXPLICITE_LEGENDE,False,False
F0068,False,1,AUTRE_CONTENU,,object_rule,CATEGORIE_AUTO,False,False
F0069,False,1,AMBIGU_LIEU_OU_DESCRIPTION,,generic_rule,A_EXAMINER,False,False
F0070,False,4,SUJET_INCONNU,,unresolved,NON_IDENTIFIE,False,False
F0071,False,3,SUJET_INCONNU,,unresolved,NON_IDENTIFIE,False,False
F0072,False,6,BATIMENT_NOMME_AUTO,pavillon-aquarium-nancy,named_alias,NOM_EXPLICITE_LEGENDE,False,False
F0073,False,1,AMBIGU_LIEU_OU_DESCRIPTION,,generic_rule,A_EXAMINER,False,False
F0074,False,1,BATIMENT_NOMME_AUTO,immeuble-marconi,named_alias,NOM_EXPLICITE_LEGENDE,False,False
F0075,False,1,AMBIGU_LIEU_OU_DESCRIPTION,,generic_rule,A_EXAMINER,False,False
F0076,False,1,BATIMENT_NOMME_AUTO,villa-glycines,named_alias,NOM_EXPLICITE_LEGENDE,False,False
F0077,False,2,AMBIGU_COMPARAISON,,named_alias,A_EXAMINER,False,False
F0078,False,1,SUJET_INCONNU,,unresolved,NON_IDENTIFIE,False,False
F0079,False,1,AUTRE_CONTENU,,object_rule,CATEGORIE_AUTO,False,False
F0080,False,1,AUTRE_CONTENU,,object_rule,CATEGORIE_AUTO,False,False
F0081,False,1,SUJET_INCONNU,,unresolved,NON_IDENTIFIE,False,False
F0082,False,1,BATIMENT_NOMME_AUTO,maison-huot,named_alias,SERIE_MULTIVUES_VERIFIEE_PARTIELLEMENT,False,False
F0083,False,1,BATIMENT_NOMME_AUTO,casa-rusca,named_alias,NOM_EXPLICITE_LEGENDE,False,False
F0084,False,1,BATIMENT_NOMME_AUTO,maison-ducret,named_alias,NOM_EXPLICITE_LEGENDE,False,False
F0085,False,1,BATIMENT_NOMME_AUTO,maison-huot,named_alias,SERIE_MULTIVUES_VERIFIEE_PARTIELLEMENT,False,False
F0086,False,1,BATIMENT_NOMME_AUTO,pod-kalamburem,named_alias,NOM_EXPLICITE_LEGENDE,False,False
F0087,False,1,BATIMENT_NOMME_AUTO,maison-huot,named_alias,SERIE_MULTIVUES_VERIFIEE_PARTIELLEMENT,False,True
F0088,False,1,AMBIGU_LIEU_OU_DESCRIPTION,,generic_rule,A_EXAMINER,False,False
F0089,False,1,BATIMENT_NOMME_AUTO,villa-majorelle,named_alias,NOM_EXPLICITE_LEGENDE,False,False
F0090,False,1,AMBIGU_LIEU_OU_DESCRIPTION,,generic_rule,A_EXAMINER,False,False
F0091,False,1,AMBIGU_LIEU_OU_DESCRIPTION,,generic_rule,A_EXAMINER,False,False
F0092,False,1,AMBIGU_LIEU_OU_DESCRIPTION,,generic_rule,A_EXAMINER,False,False
F0093,False,10,AMBIGU_LIEU_OU_DESCRIPTION,,generic_rule,A_EXAMINER,False,False
F0094,False,1,BATIMENT_NOMME_AUTO,cimetiere-preville,named_alias,NOM_EXPLICITE_LEGENDE,False,False
F0095,False,1,AMBIGU_MULTISUJET,,rule_collision,A_EXAMINER,False,False
F0096,False,1,AMBIGU_LIEU_OU_DESCRIPTION,,generic_rule,A_EXAMINER,False,False
F0097,False,1,AMBIGU_LIEU_OU_DESCRIPTION,,generic_rule,A_EXAMINER,False,False
F0098,False,1,AMBIGU_LIEU_OU_DESCRIPTION,,generic_rule,A_EXAMINER,False,False
F0099,False,1,AUTRE_CONTENU,,object_rule,CATEGORIE_AUTO,False,False
F0100,False,1,AMBIGU_LIEU_OU_DESCRIPTION,,generic_rule,A_EXAMINER,False,False
F0101,False,1,AMBIGU_LIEU_OU_DESCRIPTION,,generic_rule,A_EXAMINER,False,False
F0102,False,1,AMBIGU_LIEU_OU_DESCRIPTION,,generic_rule,A_EXAMINER,False,False
F0103,False,1,AMBIGU_LIEU_OU_DESCRIPTION,,generic_rule,A_EXAMINER,False,False
F0104,False,1,BATIMENT_NOMME_AUTO,immeuble-marconi,named_alias,NOM_EXPLICITE_LEGENDE,False,False
F0105,False,1,AMBIGU_LIEU_OU_DESCRIPTION,,generic_rule,A_EXAMINER,False,False
F0106,False,1,AMBIGU_LIEU_OU_DESCRIPTION,,generic_rule,A_EXAMINER,False,False
F0107,False,1,AMBIGU_LIEU_OU_DESCRIPTION,,generic_rule,A_EXAMINER,False,False
F0108,False,1,AMBIGU_LIEU_OU_DESCRIPTION,,generic_rule,A_EXAMINER,False,False
F0109,False,1,AMBIGU_LIEU_OU_DESCRIPTION,,generic_rule,A_EXAMINER,False,False
F0110,False,1,BATIMENT_NOMME_AUTO,palau-musica-catalana,named_alias,NOM_EXPLICITE_LEGENDE,False,False
F0111,False,1,AMBIGU_LIEU_OU_DESCRIPTION,,generic_rule,A_EXAMINER,False,False
F0112,False,1,AMBIGU_LIEU_OU_DESCRIPTION,,generic_rule,A_EXAMINER,False,False
F0113,False,1,AMBIGU_LIEU_OU_DESCRIPTION,,generic_rule,A_EXAMINER,False,False
F0114,False,1,AMBIGU_LIEU_OU_DESCRIPTION,,generic_rule,A_EXAMINER,False,False
F0115,False,1,AMBIGU_LIEU_OU_DESCRIPTION,,generic_rule,A_EXAMINER,False,False
F0116,False,1,AMBIGU_LIEU_OU_DESCRIPTION,,generic_rule,A_EXAMINER,False,False
F0117,False,1,AMBIGU_LIEU_OU_DESCRIPTION,,generic_rule,A_EXAMINER,False,False
F0118,False,1,BATIMENT_NOMME_AUTO,station-guimard-gare-nord,named_alias,NOM_EXPLICITE_LEGENDE,False,False
F0119,False,1,BATIMENT_NOMME_AUTO,hotel-postes,named_alias,NOM_EXPLICITE_LEGENDE,False,False
F0120,False,1,AMBIGU_LIEU_OU_DESCRIPTION,,generic_rule,A_EXAMINER,False,False
F0121,False,1,AMBIGU_LIEU_OU_DESCRIPTION,,generic_rule,A_EXAMINER,False,False
F0122,False,1,AMBIGU_LIEU_OU_DESCRIPTION,,generic_rule,A_EXAMINER,False,False
F0123,False,1,BATIMENT_NOMME_AUTO,teatro-kursaal-santalucia,named_alias,NOM_EXPLICITE_LEGENDE,False,False
F0124,False,1,SUJET_INCONNU,,unresolved,NON_IDENTIFIE,False,False
F0125,False,1,AMBIGU_LIEU_OU_DESCRIPTION,,generic_rule,A_EXAMINER,False,False
F0126,False,1,AMBIGU_LIEU_OU_DESCRIPTION,,generic_rule,A_EXAMINER,False,False
F0127,False,1,BATIMENT_NOMME_AUTO,teatro-kursaal-santalucia,named_alias,NOM_EXPLICITE_LEGENDE,False,False
F0128,False,1,BATIMENT_NOMME_AUTO,palau-musica-catalana,named_alias,NOM_EXPLICITE_LEGENDE,False,False
F0129,False,1,AMBIGU_LIEU_OU_DESCRIPTION,,generic_rule,A_EXAMINER,False,False
F0130,False,1,AMBIGU_LIEU_OU_DESCRIPTION,,generic_rule,A_EXAMINER,False,False
F0131,False,1,BATIMENT_NOMME_AUTO,maison-mouettes-anvers,named_alias,NOM_EXPLICITE_LEGENDE,False,False
F0132,False,1,SUJET_INCONNU,,unresolved,NON_IDENTIFIE,False,False
F0133,False,1,AMBIGU_LIEU_OU_DESCRIPTION,,generic_rule,A_EXAMINER,False,False
F0134,False,1,AMBIGU_LIEU_OU_DESCRIPTION,,generic_rule,A_EXAMINER,False,False
F0135,False,1,SUJET_INCONNU,,unresolved,NON_IDENTIFIE,False,False
F0136,False,1,AMBIGU_LIEU_OU_DESCRIPTION,,generic_rule,A_EXAMINER,False,False
F0137,False,1,AMBIGU_LIEU_OU_DESCRIPTION,,generic_rule,A_EXAMINER,False,False
F0138,False,1,AMBIGU_LIEU_OU_DESCRIPTION,,generic_rule,A_EXAMINER,False,False
F0139,False,1,AMBIGU_LIEU_OU_DESCRIPTION,,generic_rule,A_EXAMINER,False,False
F0140,False,1,BATIMENT_NOMME_AUTO,maison-van-hoecke,named_alias,NOM_EXPLICITE_LEGENDE,False,False
F0141,False,1,AMBIGU_LIEU_OU_DESCRIPTION,,generic_rule,A_EXAMINER,False,False
F0142,False,1,AMBIGU_LIEU_OU_DESCRIPTION,,generic_rule,A_EXAMINER,False,False
F0143,False,1,AMBIGU_LIEU_OU_DESCRIPTION,,generic_rule,A_EXAMINER,False,False
F0144,False,1,AMBIGU_LIEU_OU_DESCRIPTION,,generic_rule,A_EXAMINER,False,False
F0145,False,1,AMBIGU_LIEU_OU_DESCRIPTION,,generic_rule,A_EXAMINER,False,False
F0146,False,1,AMBIGU_LIEU_OU_DESCRIPTION,,generic_rule,A_EXAMINER,False,False
F0147,False,1,AMBIGU_LIEU_OU_DESCRIPTION,,generic_rule,A_EXAMINER,False,False
F0148,False,1,BATIMENT_NOMME_AUTO,villa-cavrois,named_alias,NOM_EXPLICITE_LEGENDE,False,False
F0149,False,1,AMBIGU_LIEU_OU_DESCRIPTION,,generic_rule,A_EXAMINER,False,False
F0150,False,3,BATIMENT_NOMME_AUTO,maison-spitzer,named_alias,SERIE_MULTIVUES_VERIFIEE_PARTIELLEMENT,False,True
F0151,False,1,AMBIGU_LIEU_OU_DESCRIPTION,,generic_rule,A_EXAMINER,False,False
F0152,False,3,BATIMENT_NOMME_AUTO,palazzo-gazzetta,named_alias,NOM_EXPLICITE_LEGENDE,False,False
F0153,False,1,BATIMENT_NOMME_AUTO,maison-de-poore,named_alias,NOM_EXPLICITE_LEGENDE,False,False
F0154,False,1,AMBIGU_LIEU_OU_DESCRIPTION,,generic_rule,A_EXAMINER,False,False
F0155,False,1,AMBIGU_LIEU_OU_DESCRIPTION,,generic_rule,A_EXAMINER,False,False
F0156,False,1,AMBIGU_IDENTITE,,named_alias,A_EXAMINER,False,False
F0157,False,1,AMBIGU_LIEU_OU_DESCRIPTION,,generic_rule,A_EXAMINER,False,False
F0158,False,1,BATIMENT_NOMME_AUTO,teatro-kursaal-santalucia,named_alias,NOM_EXPLICITE_LEGENDE,False,False
F0159,False,1,AMBIGU_LIEU_OU_DESCRIPTION,,generic_rule,A_EXAMINER,False,False
F0160,False,1,AMBIGU_LIEU_OU_DESCRIPTION,,generic_rule,A_EXAMINER,False,False
F0161,False,1,BATIMENT_NOMME_AUTO,theatre-margherita,named_alias,NOM_EXPLICITE_LEGENDE,False,False
F0162,False,1,AMBIGU_LIEU_OU_DESCRIPTION,,generic_rule,A_EXAMINER,False,False
F0163,False,1,BATIMENT_NOMME_AUTO,patisserie-escriba,named_alias,NOM_EXPLICITE_LEGENDE,False,False
F0164,False,1,BATIMENT_NOMME_AUTO,hotel-gellert,named_alias,NOM_EXPLICITE_LEGENDE,False,False
F0165,False,1,AMBIGU_LIEU_OU_DESCRIPTION,,generic_rule,A_EXAMINER,False,False
F0166,False,1,AMBIGU_LIEU_OU_DESCRIPTION,,generic_rule,A_EXAMINER,False,False
F0167,False,1,BATIMENT_NOMME_AUTO,palais-baron-quadras,named_alias,NOM_EXPLICITE_LEGENDE,False,False
F0168,False,1,BATIMENT_NOMME_AUTO,casa-jeroni-granell,named_alias,NOM_EXPLICITE_LEGENDE,False,False
F0169,False,1,BATIMENT_NOMME_AUTO,casa-mila,named_alias,NOM_EXPLICITE_LEGENDE,False,False
F0170,False,1,BATIMENT_NOMME_AUTO,farmacia-bruc,named_alias,NOM_EXPLICITE_LEGENDE,False,False
F0171,False,1,AMBIGU_LIEU_OU_DESCRIPTION,,generic_rule,A_EXAMINER,False,False
F0172,False,1,SUJET_INCONNU,,unresolved,NON_IDENTIFIE,False,False
F0173,False,1,SUJET_INCONNU,,unresolved,NON_IDENTIFIE,False,False
F0174,False,1,AMBIGU_LIEU_OU_DESCRIPTION,,generic_rule,A_EXAMINER,False,False
F0175,False,1,AUTRE_CONTENU,,object_rule,CATEGORIE_AUTO,False,False
F0176,False,1,AMBIGU_LIEU_OU_DESCRIPTION,,generic_rule,A_EXAMINER,False,False
F0177,False,1,AMBIGU_LIEU_OU_DESCRIPTION,,generic_rule,A_EXAMINER,False,False
F0178,False,1,BATIMENT_NOMME_AUTO,casa-fajol,named_alias,NOM_EXPLICITE_LEGENDE,False,False
F0179,False,1,AMBIGU_LIEU_OU_DESCRIPTION,,generic_rule,A_EXAMINER,False,False
F0180,False,1,AMBIGU_LIEU_OU_DESCRIPTION,,generic_rule,A_EXAMINER,False,False
F0181,False,1,BATIMENT_NOMME_AUTO,musee-art-nouveau-riga,named_alias,NOM_EXPLICITE_LEGENDE,False,False
F0182,False,1,AMBIGU_LIEU_OU_DESCRIPTION,,generic_rule,A_EXAMINER,False,False
F0183,False,1,BATIMENT_NOMME_AUTO,villa-nelly,named_alias,NOM_EXPLICITE_LEGENDE,False,False
F0184,False,1,AMBIGU_LIEU_OU_DESCRIPTION,,generic_rule,A_EXAMINER,False,False
F0185,False,1,AMBIGU_LIEU_OU_DESCRIPTION,,generic_rule,A_EXAMINER,False,False
F0186,False,1,BATIMENT_NOMME_AUTO,casa-montserrat,named_alias,NOM_EXPLICITE_LEGENDE,False,False
F0187,False,1,AMBIGU_LIEU_OU_DESCRIPTION,,generic_rule,A_EXAMINER,False,False
F0188,False,1,BATIMENT_NOMME_AUTO,villa-nelly,named_alias,NOM_EXPLICITE_LEGENDE,False,False
F0189,False,1,AUTRE_CONTENU,,object_rule,CATEGORIE_AUTO,False,False
F0190,False,1,AMBIGU_LIEU_OU_DESCRIPTION,,generic_rule,A_EXAMINER,False,False
F0191,False,1,AMBIGU_LIEU_OU_DESCRIPTION,,generic_rule,A_EXAMINER,False,False
F0192,False,1,AMBIGU_LIEU_OU_DESCRIPTION,,generic_rule,A_EXAMINER,False,False
F0193,False,1,AMBIGU_LIEU_OU_DESCRIPTION,,generic_rule,A_EXAMINER,False,False
F0194,False,1,BATIMENT_NOMME_AUTO,lhuitriere-lille,named_alias,IDENTITE_COMPATIBLE_ARTICLE_SITE,False,False
F0195,False,1,AMBIGU_LIEU_OU_DESCRIPTION,,generic_rule,A_EXAMINER,False,False
F0196,False,1,AMBIGU_LIEU_OU_DESCRIPTION,,generic_rule,A_EXAMINER,False,False
F0197,False,1,AMBIGU_LIEU_OU_DESCRIPTION,,generic_rule,A_EXAMINER,False,False
F0198,False,1,AUTRE_CONTENU,,object_rule,CATEGORIE_AUTO,False,False
F0199,False,1,AMBIGU_LIEU_OU_DESCRIPTION,,generic_rule,A_EXAMINER,False,False
F0200,False,1,AMBIGU_LIEU_OU_DESCRIPTION,,generic_rule,A_EXAMINER,False,False
F0201,False,1,AMBIGU_LIEU_OU_DESCRIPTION,,generic_rule,A_EXAMINER,False,False
F0202,False,1,AMBIGU_LIEU_OU_DESCRIPTION,,generic_rule,A_EXAMINER,False,False
F0203,False,1,AMBIGU_LIEU_OU_DESCRIPTION,,generic_rule,A_EXAMINER,False,False
F0204,False,1,AMBIGU_LIEU_OU_DESCRIPTION,,generic_rule,A_EXAMINER,False,False
F0205,False,1,BATIMENT_NOMME_AUTO,maison-saint-cyr,named_alias,NOM_EXPLICITE_LEGENDE,False,False
F0206,False,1,AMBIGU_LIEU_OU_DESCRIPTION,,generic_rule,A_EXAMINER,False,False
F0207,False,1,BATIMENT_NOMME_AUTO,lhuitriere-lille,named_alias,IDENTITE_COMPATIBLE_ARTICLE_SITE,False,False
F0208,False,1,AMBIGU_LIEU_OU_DESCRIPTION,,generic_rule,A_EXAMINER,False,False
F0209,False,1,AMBIGU_LIEU_OU_DESCRIPTION,,generic_rule,A_EXAMINER,False,False
F0210,False,1,AMBIGU_LIEU_OU_DESCRIPTION,,generic_rule,A_EXAMINER,False,False
F0211,False,1,AMBIGU_LIEU_OU_DESCRIPTION,,generic_rule,A_EXAMINER,False,False
F0212,False,1,AMBIGU_LIEU_OU_DESCRIPTION,,generic_rule,A_EXAMINER,False,False
F0213,False,1,AUTRE_CONTENU,,object_rule,CATEGORIE_AUTO,False,False
F0214,False,1,AMBIGU_LIEU_OU_DESCRIPTION,,generic_rule,A_EXAMINER,False,False
F0215,False,1,BATIMENT_NOMME_AUTO,maison-coilliot-lille,named_alias,IDENTITE_COMPATIBLE_ARTICLE_SITE,False,False
F0216,False,1,BATIMENT_NOMME_AUTO,magasin-niguet,named_alias,NOM_EXPLICITE_LEGENDE,False,False
F0217,False,1,BATIMENT_NOMME_AUTO,maison-saint-cyr,named_alias,NOM_EXPLICITE_LEGENDE,False,False
F0218,False,1,AMBIGU_LIEU_OU_DESCRIPTION,,generic_rule,A_EXAMINER,False,False
F0219,False,1,AMBIGU_LIEU_OU_DESCRIPTION,,generic_rule,A_EXAMINER,False,False
F0220,False,1,AMBIGU_LIEU_OU_DESCRIPTION,,generic_rule,A_EXAMINER,False,False
F0221,False,1,AMBIGU_LIEU_OU_DESCRIPTION,,generic_rule,A_EXAMINER,False,False
F0222,False,1,AMBIGU_LIEU_OU_DESCRIPTION,,generic_rule,A_EXAMINER,False,False
F0223,False,1,AUTRE_CONTENU,,object_rule,CATEGORIE_AUTO,False,False
F0224,False,1,AMBIGU_LIEU_OU_DESCRIPTION,,generic_rule,A_EXAMINER,False,False
F0225,False,1,AMBIGU_LIEU_OU_DESCRIPTION,,generic_rule,A_EXAMINER,False,False
F0226,False,1,AMBIGU_LIEU_OU_DESCRIPTION,,generic_rule,A_EXAMINER,False,False
F0227,False,1,AMBIGU_LIEU_OU_DESCRIPTION,,generic_rule,A_EXAMINER,False,False
F0228,False,1,AMBIGU_LIEU_OU_DESCRIPTION,,generic_rule,A_EXAMINER,True,False
F0229,False,1,SUJET_INCONNU,,unresolved,NON_IDENTIFIE,False,False
F0230,False,1,AMBIGU_LIEU_OU_DESCRIPTION,,generic_rule,A_EXAMINER,False,False
F0231,False,1,AMBIGU_LIEU_OU_DESCRIPTION,,generic_rule,A_EXAMINER,False,False
F0232,False,1,AUTRE_CONTENU,,object_rule,CATEGORIE_AUTO,False,False
F0233,False,1,AMBIGU_LIEU_OU_DESCRIPTION,,generic_rule,A_EXAMINER,False,False
F0234,False,1,AMBIGU_LIEU_OU_DESCRIPTION,,generic_rule,A_EXAMINER,False,False
F0235,False,1,AMBIGU_LIEU_OU_DESCRIPTION,,generic_rule,A_EXAMINER,False,False
F0236,False,1,AMBIGU_LIEU_OU_DESCRIPTION,,generic_rule,A_EXAMINER,False,False
F0237,False,1,BATIMENT_NOMME_AUTO,maison-saint-cyr,named_alias,NOM_EXPLICITE_LEGENDE,False,False
F0238,False,1,BATIMENT_NOMME_AUTO,maison-cauchie,named_alias,NOM_EXPLICITE_LEGENDE,False,False
F0239,False,1,AMBIGU_LIEU_OU_DESCRIPTION,,generic_rule,A_EXAMINER,False,False
F0240,False,1,AMBIGU_LIEU_OU_DESCRIPTION,,generic_rule,A_EXAMINER,False,False
F0241,False,1,AMBIGU_LIEU_OU_DESCRIPTION,,generic_rule,A_EXAMINER,False,False
F0242,False,1,SUJET_INCONNU,,unresolved,NON_IDENTIFIE,False,False
F0243,False,1,AMBIGU_LIEU_OU_DESCRIPTION,,generic_rule,A_EXAMINER,False,False
F0244,False,1,AUTRE_CONTENU,,non_identifiable_message,CATEGORIE_AUTO,False,False
F0245,False,1,AMBIGU_LIEU_OU_DESCRIPTION,,generic_rule,A_EXAMINER,False,False
F0246,False,1,AMBIGU_LIEU_OU_DESCRIPTION,,generic_rule,A_EXAMINER,False,False
F0247,False,1,AMBIGU_LIEU_OU_DESCRIPTION,,generic_rule,A_EXAMINER,False,False
F0248,False,1,AMBIGU_LIEU_OU_DESCRIPTION,,generic_rule,A_EXAMINER,False,False
F0249,False,1,AMBIGU_LIEU_OU_DESCRIPTION,,generic_rule,A_EXAMINER,False,False
F0250,False,1,AMBIGU_LIEU_OU_DESCRIPTION,,generic_rule,A_EXAMINER,False,False
F0251,False,1,BATIMENT_NOMME_AUTO,maison-delune-maitre-verrier,named_alias,IDENTITE_COMPATIBLE_ARTICLE_SITE,False,False
F0252,False,1,AMBIGU_LIEU_OU_DESCRIPTION,,generic_rule,A_EXAMINER,False,False
F0253,False,1,AMBIGU_LIEU_OU_DESCRIPTION,,generic_rule,A_EXAMINER,False,False
F0254,False,1,AMBIGU_LIEU_OU_DESCRIPTION,,generic_rule,A_EXAMINER,False,False
F0255,False,1,SUJET_INCONNU,,unresolved,NON_IDENTIFIE,False,False
F0256,False,1,AMBIGU_LIEU_OU_DESCRIPTION,,generic_rule,A_EXAMINER,False,False
F0257,False,1,AMBIGU_LIEU_OU_DESCRIPTION,,generic_rule,A_EXAMINER,False,False
F0258,False,1,AMBIGU_LIEU_OU_DESCRIPTION,,generic_rule,A_EXAMINER,False,False
F0259,False,1,BATIMENT_NOMME_AUTO,maison-delune-maitre-verrier,named_alias,IDENTITE_COMPATIBLE_ARTICLE_SITE,False,False
F0260,False,1,AMBIGU_LIEU_OU_DESCRIPTION,,generic_rule,A_EXAMINER,False,False
F0261,False,1,SUJET_INCONNU,,unresolved,NON_IDENTIFIE,False,False
F0262,False,1,AMBIGU_LIEU_OU_DESCRIPTION,,generic_rule,A_EXAMINER,False,False
F0263,False,1,AMBIGU_LIEU_OU_DESCRIPTION,,generic_rule,A_EXAMINER,False,False
F0264,False,1,AMBIGU_LIEU_OU_DESCRIPTION,,generic_rule,A_EXAMINER,False,False
F0265,False,1,AMBIGU_LIEU_OU_DESCRIPTION,,generic_rule,A_EXAMINER,False,False
F0266,False,1,AMBIGU_LIEU_OU_DESCRIPTION,,generic_rule,A_EXAMINER,False,False
F0267,False,1,BATIMENT_NOMME_AUTO,maison-warocque,named_alias,SERIE_MULTIVUES_VERIFIEE_PARTIELLEMENT,False,True
F0268,False,1,AMBIGU_LIEU_OU_DESCRIPTION,,generic_rule,A_EXAMINER,False,False
F0269,False,1,SUJET_INCONNU,,unresolved,NON_IDENTIFIE,False,False
F0270,False,1,AMBIGU_LIEU_OU_DESCRIPTION,,generic_rule,A_EXAMINER,False,False
F0271,False,1,BATIMENT_NOMME_AUTO,maison-des-hiboux,named_alias,IDENTITE_COMPATIBLE_ARTICLE_SITE,False,False
F0272,False,1,AMBIGU_LIEU_OU_DESCRIPTION,,generic_rule,A_EXAMINER,False,False
F0273,False,1,AUTRE_CONTENU,,object_rule,CATEGORIE_AUTO,False,False
F0274,False,1,AMBIGU_LIEU_OU_DESCRIPTION,,generic_rule,A_EXAMINER,True,False
F0275,False,1,AMBIGU_LIEU_OU_DESCRIPTION,,generic_rule,A_EXAMINER,False,False
F0276,False,1,AMBIGU_LIEU_OU_DESCRIPTION,,generic_rule,A_EXAMINER,False,False
F0277,False,1,AMBIGU_LIEU_OU_DESCRIPTION,,generic_rule,A_EXAMINER,False,False
F0278,False,1,SUJET_INCONNU,,unresolved,NON_IDENTIFIE,False,False
F0279,False,1,AUTRE_CONTENU,,non_identifiable_message,CATEGORIE_AUTO,True,False
F0280,False,1,BATIMENT_NOMME_AUTO,jardin-hiver-ursulines,named_alias,NOM_EXPLICITE_LEGENDE,True,False
F0281,False,1,AUTRE_CONTENU,,object_rule,CATEGORIE_AUTO,False,False
F0282,False,1,BATIMENT_NOMME_AUTO,maison-coilliot-lille,named_alias,IDENTITE_COMPATIBLE_ARTICLE_SITE,False,False
F0283,False,1,AMBIGU_LIEU_OU_DESCRIPTION,,generic_rule,A_EXAMINER,False,False
F0284,False,1,AMBIGU_LIEU_OU_DESCRIPTION,,generic_rule,A_EXAMINER,False,False
F0285,False,1,AMBIGU_LIEU_OU_DESCRIPTION,,generic_rule,A_EXAMINER,False,False
F0286,False,1,AUTRE_CONTENU,,object_rule,CATEGORIE_AUTO,False,False
F0287,False,1,SUJET_INCONNU,,unresolved,NON_IDENTIFIE,False,False
F0288,False,1,AMBIGU_LIEU_OU_DESCRIPTION,,generic_rule,A_EXAMINER,False,False
F0289,False,1,AMBIGU_LIEU_OU_DESCRIPTION,,generic_rule,A_EXAMINER,False,False
F0290,False,1,AMBIGU_LIEU_OU_DESCRIPTION,,generic_rule,A_EXAMINER,False,False
F0291,False,1,AMBIGU_LIEU_OU_DESCRIPTION,,generic_rule,A_EXAMINER,False,False
F0292,False,1,AMBIGU_LIEU_OU_DESCRIPTION,,generic_rule,A_EXAMINER,False,False
F0293,False,1,AMBIGU_LIEU_OU_DESCRIPTION,,generic_rule,A_EXAMINER,False,False
F0294,False,1,AMBIGU_LIEU_OU_DESCRIPTION,,generic_rule,A_EXAMINER,False,False
F0295,False,1,AMBIGU_LIEU_OU_DESCRIPTION,,generic_rule,A_EXAMINER,False,False
F0296,False,1,AMBIGU_LIEU_OU_DESCRIPTION,,generic_rule,A_EXAMINER,False,False
F0297,False,1,AMBIGU_LIEU_OU_DESCRIPTION,,generic_rule,A_EXAMINER,False,False
F0298,False,1,BATIMENT_NOMME_AUTO,maison-mouettes-anvers,named_alias,NOM_EXPLICITE_LEGENDE,False,False
F0299,False,1,AMBIGU_LIEU_OU_DESCRIPTION,,generic_rule,A_EXAMINER,False,False
F0300,False,1,AMBIGU_LIEU_OU_DESCRIPTION,,generic_rule,A_EXAMINER,False,False
F0301,False,1,AUTRE_CONTENU,,object_rule,CATEGORIE_AUTO,True,False
F0302,False,1,SUJET_INCONNU,,unresolved,NON_IDENTIFIE,False,False
F0303,False,1,AMBIGU_LIEU_OU_DESCRIPTION,,generic_rule,A_EXAMINER,False,False
F0304,False,1,AMBIGU_LIEU_OU_DESCRIPTION,,generic_rule,A_EXAMINER,False,False
F0305,False,1,AMBIGU_LIEU_OU_DESCRIPTION,,generic_rule,A_EXAMINER,False,False
F0306,False,1,AMBIGU_LIEU_OU_DESCRIPTION,,generic_rule,A_EXAMINER,True,False
F0307,False,1,AMBIGU_LIEU_OU_DESCRIPTION,,generic_rule,A_EXAMINER,False,False
F0308,False,1,AMBIGU_LIEU_OU_DESCRIPTION,,generic_rule,A_EXAMINER,False,False
F0309,False,1,AMBIGU_LIEU_OU_DESCRIPTION,,generic_rule,A_EXAMINER,False,False
F0310,False,1,AMBIGU_LIEU_OU_DESCRIPTION,,generic_rule,A_EXAMINER,False,False
F0311,False,1,AMBIGU_LIEU_OU_DESCRIPTION,,generic_rule,A_EXAMINER,True,False
F0312,False,1,AMBIGU_LIEU_OU_DESCRIPTION,,generic_rule,A_EXAMINER,False,False
F0313,False,1,BATIMENT_NOMME_AUTO,palais-secession-vienne,named_alias,IDENTITE_COMPATIBLE_ARTICLE_SITE,True,False
F0314,False,1,AMBIGU_LIEU_OU_DESCRIPTION,,generic_rule,A_EXAMINER,False,False
F0315,False,1,AMBIGU_LIEU_OU_DESCRIPTION,,generic_rule,A_EXAMINER,False,False
F0316,False,1,AMBIGU_LIEU_OU_DESCRIPTION,,generic_rule,A_EXAMINER,True,False
F0317,False,1,AMBIGU_LIEU_OU_DESCRIPTION,,generic_rule,A_EXAMINER,False,False
F0318,False,1,AMBIGU_LIEU_OU_DESCRIPTION,,generic_rule,A_EXAMINER,False,False
F0319,False,1,SUJET_INCONNU,,unresolved,NON_IDENTIFIE,False,False
F0320,False,1,AMBIGU_LIEU_OU_DESCRIPTION,,generic_rule,A_EXAMINER,False,False
F0321,False,1,AMBIGU_LIEU_OU_DESCRIPTION,,generic_rule,A_EXAMINER,True,False
F0322,False,1,BATIMENT_NOMME_AUTO,casa-jeroni-granell,named_alias,NOM_EXPLICITE_LEGENDE,True,False
F0323,False,1,AMBIGU_LIEU_OU_DESCRIPTION,,generic_rule,A_EXAMINER,True,False
F0324,False,1,AUTRE_CONTENU,,object_rule,CATEGORIE_AUTO,False,False
F0325,False,1,AMBIGU_LIEU_OU_DESCRIPTION,,generic_rule,A_EXAMINER,False,False
F0326,False,1,AMBIGU_LIEU_OU_DESCRIPTION,,generic_rule,A_EXAMINER,False,False
F0327,False,1,BATIMENT_NOMME_AUTO,palais-secession-vienne,named_alias,IDENTITE_COMPATIBLE_ARTICLE_SITE,False,False
F0328,False,1,AMBIGU_LIEU_OU_DESCRIPTION,,generic_rule,A_EXAMINER,False,False
F0329,False,1,AMBIGU_LIEU_OU_DESCRIPTION,,generic_rule,A_EXAMINER,False,False
F0330,False,1,SUJET_INCONNU,,unresolved,NON_IDENTIFIE,False,False
F0331,False,1,BATIMENT_NOMME_AUTO,palau-musica-catalana,named_alias,NOM_EXPLICITE_LEGENDE,False,False
F0332,False,1,AMBIGU_LIEU_OU_DESCRIPTION,,generic_rule,A_EXAMINER,False,False
F0333,False,1,AMBIGU_LIEU_OU_DESCRIPTION,,generic_rule,A_EXAMINER,False,False
F0334,False,1,AMBIGU_LIEU_OU_DESCRIPTION,,generic_rule,A_EXAMINER,False,False
F0335,False,1,AMBIGU_LIEU_OU_DESCRIPTION,,generic_rule,A_EXAMINER,False,False
F0336,False,1,AMBIGU_LIEU_OU_DESCRIPTION,,generic_rule,A_EXAMINER,False,False
F0337,False,1,AMBIGU_LIEU_OU_DESCRIPTION,,generic_rule,A_EXAMINER,False,False
F0338,False,1,BATIMENT_NOMME_AUTO,maison-piot,named_alias,SERIE_MULTIVUES_VERIFIEE_PARTIELLEMENT,False,True
F0339,False,1,AMBIGU_LIEU_OU_DESCRIPTION,,generic_rule,A_EXAMINER,False,False
F0340,False,1,AUTRE_CONTENU,,object_rule,CATEGORIE_AUTO,False,False
F0341,False,1,BATIMENT_NOMME_AUTO,magasin-niguet,named_alias,NOM_EXPLICITE_LEGENDE,False,False
F0342,False,1,AMBIGU_LIEU_OU_DESCRIPTION,,generic_rule,A_EXAMINER,False,False
F0343,False,1,AMBIGU_LIEU_OU_DESCRIPTION,,generic_rule,A_EXAMINER,False,False
F0344,False,1,BATIMENT_NOMME_AUTO,maison-doree-charleroi,named_alias,NOM_EXPLICITE_LEGENDE,False,False
F0345,False,1,AMBIGU_LIEU_OU_DESCRIPTION,,generic_rule,A_EXAMINER,True,False
F0346,False,1,AMBIGU_LIEU_OU_DESCRIPTION,,generic_rule,A_EXAMINER,False,False
F0347,False,1,AMBIGU_LIEU_OU_DESCRIPTION,,generic_rule,A_EXAMINER,False,False
F0348,False,1,AMBIGU_LIEU_OU_DESCRIPTION,,generic_rule,A_EXAMINER,True,False
F0349,False,1,AMBIGU_LIEU_OU_DESCRIPTION,,generic_rule,A_EXAMINER,False,False
F0350,False,1,BATIMENT_NOMME_AUTO,jardin-hiver-ursulines,named_alias,NOM_EXPLICITE_LEGENDE,True,False
F0351,False,1,AMBIGU_LIEU_OU_DESCRIPTION,,generic_rule,A_EXAMINER,False,False
F0352,False,1,AMBIGU_LIEU_OU_DESCRIPTION,,generic_rule,A_EXAMINER,False,False
F0353,False,1,AMBIGU_LIEU_OU_DESCRIPTION,,generic_rule,A_EXAMINER,False,False
F0354,False,1,AUTRE_CONTENU,,object_rule,CATEGORIE_AUTO,True,False
F0355,False,1,AMBIGU_LIEU_OU_DESCRIPTION,,generic_rule,A_EXAMINER,False,False
F0356,False,1,AMBIGU_LIEU_OU_DESCRIPTION,,generic_rule,A_EXAMINER,True,False
F0357,False,1,AMBIGU_LIEU_OU_DESCRIPTION,,generic_rule,A_EXAMINER,False,False
F0358,False,1,SUJET_INCONNU,,unresolved,NON_IDENTIFIE,False,False
F0359,False,1,AMBIGU_LIEU_OU_DESCRIPTION,,generic_rule,A_EXAMINER,False,False
F0360,False,1,BATIMENT_NOMME_AUTO,musee-horta,named_alias,NOM_EXPLICITE_LEGENDE,False,False
F0361,False,1,BATIMENT_NOMME_AUTO,palau-musica-catalana,named_alias,NOM_EXPLICITE_LEGENDE,False,False
F0362,False,1,AMBIGU_LIEU_OU_DESCRIPTION,,generic_rule,A_EXAMINER,True,False
F0363,False,1,AMBIGU_LIEU_OU_DESCRIPTION,,generic_rule,A_EXAMINER,True,False
F0364,False,1,SUJET_INCONNU,,unresolved,NON_IDENTIFIE,False,False
F0365,False,1,BATIMENT_NOMME_AUTO,magasin-niguet,named_alias,NOM_EXPLICITE_LEGENDE,False,False
F0366,False,1,AMBIGU_LIEU_OU_DESCRIPTION,,generic_rule,A_EXAMINER,False,False
F0367,False,1,AMBIGU_LIEU_OU_DESCRIPTION,,generic_rule,A_EXAMINER,False,False
F0368,False,1,SUJET_INCONNU,,unresolved,NON_IDENTIFIE,False,False
F0369,False,1,AMBIGU_LIEU_OU_DESCRIPTION,,generic_rule,A_EXAMINER,True,False
F0370,False,1,AMBIGU_LIEU_OU_DESCRIPTION,,generic_rule,A_EXAMINER,True,False
F0371,False,1,BATIMENT_NOMME_AUTO,immeuble-chardons,named_alias,NOM_EXPLICITE_LEGENDE,True,False
F0372,False,1,AMBIGU_LIEU_OU_DESCRIPTION,,generic_rule,A_EXAMINER,True,False
F0373,False,1,AMBIGU_LIEU_OU_DESCRIPTION,,generic_rule,A_EXAMINER,False,False
F0374,False,1,AMBIGU_LIEU_OU_DESCRIPTION,,generic_rule,A_EXAMINER,False,False
F0375,False,1,AMBIGU_LIEU_OU_DESCRIPTION,,generic_rule,A_EXAMINER,False,False
F0376,False,1,AMBIGU_LIEU_OU_DESCRIPTION,,generic_rule,A_EXAMINER,False,False
F0377,False,1,AMBIGU_LIEU_OU_DESCRIPTION,,generic_rule,A_EXAMINER,True,False
F0378,False,1,AMBIGU_LIEU_OU_DESCRIPTION,,generic_rule,A_EXAMINER,False,False
F0379,False,1,AMBIGU_LIEU_OU_DESCRIPTION,,generic_rule,A_EXAMINER,False,False
F0380,False,1,AMBIGU_LIEU_OU_DESCRIPTION,,generic_rule,A_EXAMINER,False,False
F0381,False,1,SUJET_INCONNU,,unresolved,NON_IDENTIFIE,False,False
F0382,False,1,AMBIGU_LIEU_OU_DESCRIPTION,,generic_rule,A_EXAMINER,False,False
F0383,False,1,AMBIGU_LIEU_OU_DESCRIPTION,,generic_rule,A_EXAMINER,False,False
F0384,False,1,AMBIGU_IDENTITE,,named_alias,A_EXAMINER,False,False
F0385,False,1,SUJET_INCONNU,,unresolved,NON_IDENTIFIE,True,False
F0386,False,1,AMBIGU_LIEU_OU_DESCRIPTION,,generic_rule,A_EXAMINER,True,False
F0387,False,1,AMBIGU_LIEU_OU_DESCRIPTION,,generic_rule,A_EXAMINER,True,False
F0388,False,1,AUTRE_CONTENU,,object_rule,CATEGORIE_AUTO,False,False
F0389,False,1,BATIMENT_NOMME_AUTO,maison-cauchie,named_alias,NOM_EXPLICITE_LEGENDE,False,False
F0390,False,1,AMBIGU_LIEU_OU_DESCRIPTION,,generic_rule,A_EXAMINER,False,False
F0391,False,1,BATIMENT_NOMME_AUTO,hotel-van-eetvelde,named_alias,NOM_EXPLICITE_LEGENDE,True,False
F0392,False,1,BATIMENT_NOMME_AUTO,la-piscine-roubaix,named_alias,NOM_EXPLICITE_LEGENDE,False,False
F0393,False,1,BATIMENT_NOMME_AUTO,maison-des-hiboux,named_alias,IDENTITE_COMPATIBLE_ARTICLE_SITE,False,False
F0394,False,1,BATIMENT_NOMME_AUTO,maison-bastin,named_alias,SERIE_MULTIVUES_VERIFIEE_PARTIELLEMENT,False,True
F0395,False,1,AMBIGU_LIEU_OU_DESCRIPTION,,generic_rule,A_EXAMINER,True,False
F0396,False,1,BATIMENT_NOMME_AUTO,magasin-niguet,named_alias,NOM_EXPLICITE_LEGENDE,True,False
F0397,False,1,AMBIGU_LIEU_OU_DESCRIPTION,,generic_rule,A_EXAMINER,True,False
F0398,False,1,BATIMENT_NOMME_AUTO,maison-bergeret,named_alias,NOM_EXPLICITE_LEGENDE,False,False
F0399,False,1,AUTRE_CONTENU,,object_rule,CATEGORIE_AUTO,True,False
F0400,False,1,BATIMENT_NOMME_AUTO,maison-bacot,named_alias,NOM_EXPLICITE_LEGENDE,False,False
F0401,False,1,AMBIGU_LIEU_OU_DESCRIPTION,,generic_rule,A_EXAMINER,True,False
F0402,False,1,AMBIGU_LIEU_OU_DESCRIPTION,,generic_rule,A_EXAMINER,False,False
F0403,False,1,BATIMENT_NOMME_AUTO,pharmacie-lesage,named_alias,NOM_EXPLICITE_LEGENDE,True,False
F0404,False,1,BATIMENT_NOMME_AUTO,stoehr-haus,named_alias,NOM_EXPLICITE_LEGENDE,True,False
F0405,False,1,BATIMENT_NOMME_AUTO,maison-aux-arums,named_alias,NOM_EXPLICITE_LEGENDE,True,False
F0406,False,1,BATIMENT_NOMME_AUTO,maison-coilliot-lille,named_alias,IDENTITE_COMPATIBLE_ARTICLE_SITE,False,False
F0407,False,1,AMBIGU_LIEU_OU_DESCRIPTION,,generic_rule,A_EXAMINER,False,False
F0408,False,1,AMBIGU_LIEU_OU_DESCRIPTION,,generic_rule,A_EXAMINER,False,False
F0409,False,1,BATIMENT_NOMME_AUTO,casa-ruggeri,named_alias,NOM_EXPLICITE_LEGENDE,False,False
F0410,False,1,AMBIGU_LIEU_OU_DESCRIPTION,,generic_rule,A_EXAMINER,False,False
F0411,False,1,AMBIGU_LIEU_OU_DESCRIPTION,,generic_rule,A_EXAMINER,True,False
F0412,False,1,BATIMENT_NOMME_AUTO,bains-livourne,named_alias,NOM_EXPLICITE_LEGENDE,True,False
F0413,False,1,AMBIGU_LIEU_OU_DESCRIPTION,,generic_rule,A_EXAMINER,True,False
F0414,False,1,BATIMENT_NOMME_AUTO,maison-delune-maitre-verrier,named_alias,IDENTITE_COMPATIBLE_ARTICLE_SITE,True,False
F0415,False,1,AMBIGU_LIEU_OU_DESCRIPTION,,generic_rule,A_EXAMINER,True,False
F0416,False,1,AMBIGU_LIEU_OU_DESCRIPTION,,generic_rule,A_EXAMINER,True,False
F0417,False,1,AMBIGU_LIEU_OU_DESCRIPTION,,generic_rule,A_EXAMINER,False,False
F0418,False,1,AMBIGU_LIEU_OU_DESCRIPTION,,generic_rule,A_EXAMINER,True,False
F0419,False,1,BATIMENT_NOMME_AUTO,immeuble-robertsau,named_alias,NOM_EXPLICITE_LEGENDE,True,False
F0420,False,1,AMBIGU_LIEU_OU_DESCRIPTION,,generic_rule,A_EXAMINER,False,False
F0421,False,1,AMBIGU_LIEU_OU_DESCRIPTION,,generic_rule,A_EXAMINER,False,False
F0422,False,1,AMBIGU_LIEU_OU_DESCRIPTION,,generic_rule,A_EXAMINER,False,False
F0423,False,1,BATIMENT_NOMME_AUTO,villa-majorelle,named_alias,NOM_EXPLICITE_LEGENDE,True,False
F0424,False,1,AMBIGU_LIEU_OU_DESCRIPTION,,generic_rule,A_EXAMINER,True,False
F0425,False,1,AMBIGU_LIEU_OU_DESCRIPTION,,generic_rule,A_EXAMINER,False,False
F0426,False,1,AMBIGU_IDENTITE,,named_alias,A_EXAMINER,False,False
F0427,False,1,AMBIGU_LIEU_OU_DESCRIPTION,,generic_rule,A_EXAMINER,True,False
F0428,False,1,BATIMENT_NOMME_AUTO,eglise-sainte-therese-wattrelos,named_alias,SERIE_MULTIVUES_VERIFIEE_PARTIELLEMENT,False,True
F0429,False,1,BATIMENT_NOMME_AUTO,den-tijd-anvers,named_alias,IDENTITE_COMPATIBLE_ARTICLE_SITE,True,False
F0430,False,1,AMBIGU_LIEU_OU_DESCRIPTION,,generic_rule,A_EXAMINER,False,False
F0431,False,1,AMBIGU_LIEU_OU_DESCRIPTION,,generic_rule,A_EXAMINER,True,False
F0432,False,1,BATIMENT_NOMME_AUTO,magasin-niguet,named_alias,NOM_EXPLICITE_LEGENDE,True,False
F0433,False,1,AMBIGU_LIEU_OU_DESCRIPTION,,generic_rule,A_EXAMINER,True,False
F0434,False,1,AMBIGU_LIEU_OU_DESCRIPTION,,generic_rule,A_EXAMINER,False,False
F0435,False,1,AMBIGU_LIEU_OU_DESCRIPTION,,generic_rule,A_EXAMINER,True,False
F0436,False,1,AMBIGU_CONTEXTE,,named_alias,A_EXAMINER,False,False
F0437,False,1,AMBIGU_LIEU_OU_DESCRIPTION,,generic_rule,A_EXAMINER,False,False
F0438,False,1,AMBIGU_MULTISUJET,,rule_collision,A_EXAMINER,False,False
F0439,False,1,AMBIGU_LIEU_OU_DESCRIPTION,,generic_rule,A_EXAMINER,False,False
F0440,False,1,AMBIGU_LIEU_OU_DESCRIPTION,,generic_rule,A_EXAMINER,False,False
F0441,False,1,AMBIGU_LIEU_OU_DESCRIPTION,,generic_rule,A_EXAMINER,False,False
F0442,False,1,AMBIGU_LIEU_OU_DESCRIPTION,,generic_rule,A_EXAMINER,True,False
F0443,False,1,AMBIGU_LIEU_OU_DESCRIPTION,,generic_rule,A_EXAMINER,False,False
F0444,False,1,AMBIGU_LIEU_OU_DESCRIPTION,,generic_rule,A_EXAMINER,False,False
F0445,False,1,AMBIGU_LIEU_OU_DESCRIPTION,,generic_rule,A_EXAMINER,False,False
F0446,False,1,AMBIGU_LIEU_OU_DESCRIPTION,,generic_rule,A_EXAMINER,False,False
F0447,False,1,AMBIGU_LIEU_OU_DESCRIPTION,,generic_rule,A_EXAMINER,False,False
F0448,False,1,AMBIGU_LIEU_OU_DESCRIPTION,,generic_rule,A_EXAMINER,False,False
F0449,False,1,AMBIGU_LIEU_OU_DESCRIPTION,,generic_rule,A_EXAMINER,False,False
F0450,False,1,AMBIGU_LIEU_OU_DESCRIPTION,,generic_rule,A_EXAMINER,False,False
F0451,False,1,AMBIGU_LIEU_OU_DESCRIPTION,,generic_rule,A_EXAMINER,False,False
F0452,False,1,AMBIGU_LIEU_OU_DESCRIPTION,,generic_rule,A_EXAMINER,False,False
F0453,False,1,AMBIGU_LIEU_OU_DESCRIPTION,,generic_rule,A_EXAMINER,False,False
F0454,False,1,AMBIGU_LIEU_OU_DESCRIPTION,,generic_rule,A_EXAMINER,False,False
F0455,False,1,AMBIGU_LIEU_OU_DESCRIPTION,,generic_rule,A_EXAMINER,False,False
F0456,False,1,AMBIGU_LIEU_OU_DESCRIPTION,,generic_rule,A_EXAMINER,True,False
F0457,False,1,BATIMENT_NOMME_AUTO,casa-campani,named_alias,NOM_EXPLICITE_LEGENDE,False,False
F0458,False,1,BATIMENT_NOMME_AUTO,immeuble-lohoff,named_alias,NOM_EXPLICITE_LEGENDE,True,False
F0459,False,1,SUJET_INCONNU,,unresolved,NON_IDENTIFIE,False,False
F0460,False,1,AMBIGU_LIEU_OU_DESCRIPTION,,generic_rule,A_EXAMINER,False,False
F0461,False,1,BATIMENT_NOMME_AUTO,palais-secession-vienne,named_alias,IDENTITE_COMPATIBLE_ARTICLE_SITE,False,False
F0462,False,1,AMBIGU_LIEU_OU_DESCRIPTION,,generic_rule,A_EXAMINER,True,False
F0463,False,1,AMBIGU_LIEU_OU_DESCRIPTION,,generic_rule,A_EXAMINER,False,False
F0464,False,1,AMBIGU_LIEU_OU_DESCRIPTION,,generic_rule,A_EXAMINER,True,False
F0465,False,1,AMBIGU_IDENTITE,,named_alias,A_EXAMINER,False,False
F0466,False,1,AMBIGU_LIEU_OU_DESCRIPTION,,generic_rule,A_EXAMINER,False,False
F0467,False,1,AMBIGU_LIEU_OU_DESCRIPTION,,generic_rule,A_EXAMINER,False,False
F0468,False,1,AUTRE_CONTENU,,object_rule,CATEGORIE_AUTO,True,False
F0469,False,1,SUJET_INCONNU,,unresolved,NON_IDENTIFIE,False,False
F0470,False,1,AMBIGU_LIEU_OU_DESCRIPTION,,generic_rule,A_EXAMINER,False,False
F0471,False,1,AMBIGU_LIEU_OU_DESCRIPTION,,generic_rule,A_EXAMINER,True,False
F0472,False,1,AMBIGU_LIEU_OU_DESCRIPTION,,generic_rule,A_EXAMINER,False,False
F0473,False,1,AMBIGU_LIEU_OU_DESCRIPTION,,generic_rule,A_EXAMINER,True,False
F0474,False,1,SUJET_INCONNU,,unresolved,NON_IDENTIFIE,False,False
F0475,False,1,AMBIGU_LIEU_OU_DESCRIPTION,,generic_rule,A_EXAMINER,False,False
F0476,False,1,AMBIGU_LIEU_OU_DESCRIPTION,,generic_rule,A_EXAMINER,False,False
F0477,False,1,AMBIGU_LIEU_OU_DESCRIPTION,,generic_rule,A_EXAMINER,True,False
F0478,False,1,AMBIGU_LIEU_OU_DESCRIPTION,,generic_rule,A_EXAMINER,False,False
F0479,False,1,AMBIGU_LIEU_OU_DESCRIPTION,,generic_rule,A_EXAMINER,True,False
F0480,False,1,BATIMENT_NOMME_AUTO,maison-cauchie,named_alias,NOM_EXPLICITE_LEGENDE,False,False
F0481,False,1,AMBIGU_LIEU_OU_DESCRIPTION,,generic_rule,A_EXAMINER,False,False
F0482,False,1,AMBIGU_LIEU_OU_DESCRIPTION,,generic_rule,A_EXAMINER,False,False
F0483,False,1,BATIMENT_NOMME_AUTO,maison-losseau,named_alias,SERIE_MULTIVUES_VERIFIEE_PARTIELLEMENT,False,True
F0484,False,1,AMBIGU_LIEU_OU_DESCRIPTION,,generic_rule,A_EXAMINER,False,False
F0485,False,1,AMBIGU_IDENTITE,,named_alias,A_EXAMINER,True,False
F0486,False,1,AMBIGU_LIEU_OU_DESCRIPTION,,generic_rule,A_EXAMINER,True,False
F0487,False,1,AMBIGU_LIEU_OU_DESCRIPTION,,generic_rule,A_EXAMINER,False,False
F0488,False,1,AMBIGU_MULTISUJET,,rule_collision,A_EXAMINER,False,False
F0489,False,1,BATIMENT_NOMME_AUTO,maison-saint-cyr,named_alias,NOM_EXPLICITE_LEGENDE,True,False
F0490,False,1,AMBIGU_LIEU_OU_DESCRIPTION,,generic_rule,A_EXAMINER,False,False
F0491,False,1,AMBIGU_LIEU_OU_DESCRIPTION,,generic_rule,A_EXAMINER,False,False
F0492,False,1,AMBIGU_IDENTITE,,named_alias,A_EXAMINER,False,False
F0493,False,1,AMBIGU_LIEU_OU_DESCRIPTION,,generic_rule,A_EXAMINER,True,False
F0494,False,1,AMBIGU_LIEU_OU_DESCRIPTION,,generic_rule,A_EXAMINER,True,False
F0495,False,1,AMBIGU_LIEU_OU_DESCRIPTION,,generic_rule,A_EXAMINER,False,False
F0496,False,1,AMBIGU_LIEU_OU_DESCRIPTION,,generic_rule,A_EXAMINER,False,False
F0497,False,1,AMBIGU_LIEU_OU_DESCRIPTION,,generic_rule,A_EXAMINER,False,False
F0498,False,1,AMBIGU_LIEU_OU_DESCRIPTION,,generic_rule,A_EXAMINER,True,False
F0499,False,1,BATIMENT_NOMME_AUTO,maison-losseau,named_alias,SERIE_MULTIVUES_VERIFIEE_PARTIELLEMENT,False,True
F0500,False,1,AMBIGU_LIEU_OU_DESCRIPTION,,generic_rule,A_EXAMINER,False,False
F0501,False,1,AMBIGU_LIEU_OU_DESCRIPTION,,generic_rule,A_EXAMINER,False,False
F0502,False,1,AMBIGU_LIEU_OU_DESCRIPTION,,generic_rule,A_EXAMINER,False,False
F0503,False,1,AMBIGU_LIEU_OU_DESCRIPTION,,generic_rule,A_EXAMINER,True,False
F0504,False,1,AMBIGU_LIEU_OU_DESCRIPTION,,generic_rule,A_EXAMINER,False,False
F0505,False,1,AMBIGU_LIEU_OU_DESCRIPTION,,generic_rule,A_EXAMINER,False,False
F0506,False,1,AMBIGU_LIEU_OU_DESCRIPTION,,generic_rule,A_EXAMINER,False,False
F0507,False,1,BATIMENT_NOMME_AUTO,eglise-sainte-therese-wattrelos,named_alias,SERIE_MULTIVUES_VERIFIEE_PARTIELLEMENT,False,True
F0508,False,1,AMBIGU_LIEU_OU_DESCRIPTION,,generic_rule,A_EXAMINER,False,False
F0509,False,1,BATIMENT_NOMME_AUTO,maison-losseau,named_alias,SERIE_MULTIVUES_VERIFIEE_PARTIELLEMENT,False,False
F0510,False,1,AMBIGU_LIEU_OU_DESCRIPTION,,generic_rule,A_EXAMINER,False,False
F0511,False,1,BATIMENT_NOMME_AUTO,maison-losseau,named_alias,SERIE_MULTIVUES_VERIFIEE_PARTIELLEMENT,False,False
F0512,False,1,BATIMENT_NOMME_AUTO,maison-frankinet,named_alias,NOM_EXPLICITE_LEGENDE,False,False
F0513,False,1,AMBIGU_LIEU_OU_DESCRIPTION,,generic_rule,A_EXAMINER,False,False
F0514,False,1,AMBIGU_LIEU_OU_DESCRIPTION,,generic_rule,A_EXAMINER,False,False
F0515,False,1,BATIMENT_NOMME_AUTO,maison-losseau,named_alias,SERIE_MULTIVUES_VERIFIEE_PARTIELLEMENT,False,False
F0516,False,1,AMBIGU_LIEU_OU_DESCRIPTION,,generic_rule,A_EXAMINER,True,False
F0517,False,1,BATIMENT_NOMME_AUTO,maison-losseau,named_alias,SERIE_MULTIVUES_VERIFIEE_PARTIELLEMENT,False,False
F0518,False,1,AMBIGU_LIEU_OU_DESCRIPTION,,generic_rule,A_EXAMINER,True,False
F0519,False,1,AMBIGU_LIEU_OU_DESCRIPTION,,generic_rule,A_EXAMINER,False,False
F0520,False,1,AMBIGU_LIEU_OU_DESCRIPTION,,generic_rule,A_EXAMINER,False,False
F0521,False,1,AMBIGU_LIEU_OU_DESCRIPTION,,generic_rule,A_EXAMINER,False,False
F0522,False,1,BATIMENT_NOMME_AUTO,maison-piot,named_alias,SERIE_MULTIVUES_VERIFIEE_PARTIELLEMENT,False,True
F0523,False,1,BATIMENT_NOMME_AUTO,la-piscine-roubaix,named_alias,NOM_EXPLICITE_LEGENDE,False,False
F0524,False,1,AMBIGU_LIEU_OU_DESCRIPTION,,generic_rule,A_EXAMINER,False,False
F0525,False,1,AUTRE_CONTENU,,object_rule,CATEGORIE_AUTO,True,False
F0526,False,1,AMBIGU_LIEU_OU_DESCRIPTION,,generic_rule,A_EXAMINER,False,False
F0527,False,1,AMBIGU_LIEU_OU_DESCRIPTION,,generic_rule,A_EXAMINER,True,False
F0528,False,1,AMBIGU_LIEU_OU_DESCRIPTION,,generic_rule,A_EXAMINER,False,False
F0529,False,1,AMBIGU_LIEU_OU_DESCRIPTION,,generic_rule,A_EXAMINER,False,False
F0530,False,1,AMBIGU_LIEU_OU_DESCRIPTION,,generic_rule,A_EXAMINER,False,False
F0531,False,1,AMBIGU_LIEU_OU_DESCRIPTION,,generic_rule,A_EXAMINER,False,False
F0532,False,1,AMBIGU_LIEU_OU_DESCRIPTION,,generic_rule,A_EXAMINER,False,False
F0533,False,1,AMBIGU_LIEU_OU_DESCRIPTION,,generic_rule,A_EXAMINER,False,False
F0534,False,1,AMBIGU_LIEU_OU_DESCRIPTION,,generic_rule,A_EXAMINER,False,False
F0535,False,1,AMBIGU_LIEU_OU_DESCRIPTION,,generic_rule,A_EXAMINER,True,False
F0536,False,1,AMBIGU_LIEU_OU_DESCRIPTION,,generic_rule,A_EXAMINER,False,False
F0537,False,1,AMBIGU_LIEU_OU_DESCRIPTION,,generic_rule,A_EXAMINER,False,False
F0538,False,1,AMBIGU_LIEU_OU_DESCRIPTION,,generic_rule,A_EXAMINER,True,False
F0539,False,1,AMBIGU_LIEU_OU_DESCRIPTION,,generic_rule,A_EXAMINER,False,False
F0540,False,1,AMBIGU_LIEU_OU_DESCRIPTION,,generic_rule,A_EXAMINER,False,False
F0541,False,1,AMBIGU_LIEU_OU_DESCRIPTION,,generic_rule,A_EXAMINER,False,False
F0542,False,1,AUTRE_CONTENU,,non_identifiable_message,CATEGORIE_AUTO,True,False
F0543,False,1,BATIMENT_NOMME_AUTO,maison-frankinet,named_alias,NOM_EXPLICITE_LEGENDE,False,False
F0544,False,1,AMBIGU_LIEU_OU_DESCRIPTION,,generic_rule,A_EXAMINER,False,False
F0545,False,1,AMBIGU_LIEU_OU_DESCRIPTION,,generic_rule,A_EXAMINER,False,False
F0546,False,1,AMBIGU_LIEU_OU_DESCRIPTION,,generic_rule,A_EXAMINER,False,False
F0547,False,1,AMBIGU_LIEU_OU_DESCRIPTION,,generic_rule,A_EXAMINER,False,False
F0548,False,1,AMBIGU_LIEU_OU_DESCRIPTION,,generic_rule,A_EXAMINER,True,False
F0549,False,1,AMBIGU_LIEU_OU_DESCRIPTION,,generic_rule,A_EXAMINER,False,False
F0550,False,1,AMBIGU_LIEU_OU_DESCRIPTION,,generic_rule,A_EXAMINER,True,False
F0551,False,1,BATIMENT_NOMME_AUTO,maison-de-poore,named_alias,NOM_EXPLICITE_LEGENDE,False,False
F0552,False,1,AUTRE_CONTENU,,non_identifiable_message,CATEGORIE_AUTO,False,False
F0553,False,1,AMBIGU_LIEU_OU_DESCRIPTION,,generic_rule,A_EXAMINER,False,False
F0554,False,1,AMBIGU_MULTISUJET,,rule_collision,A_EXAMINER,True,False
F0555,False,1,AMBIGU_LIEU_OU_DESCRIPTION,,generic_rule,A_EXAMINER,False,False
F0556,False,1,AUTRE_CONTENU,,non_identifiable_message,CATEGORIE_AUTO,False,False
F0557,False,1,AUTRE_CONTENU,,non_identifiable_message,CATEGORIE_AUTO,True,False
F0558,False,1,AMBIGU_LIEU_OU_DESCRIPTION,,generic_rule,A_EXAMINER,False,False
F0559,False,1,AMBIGU_LIEU_OU_DESCRIPTION,,generic_rule,A_EXAMINER,True,False
F0560,False,1,AMBIGU_LIEU_OU_DESCRIPTION,,generic_rule,A_EXAMINER,False,False
F0561,False,1,AMBIGU_LIEU_OU_DESCRIPTION,,generic_rule,A_EXAMINER,False,False
F0562,False,1,BATIMENT_NOMME_AUTO,maison-de-poore,named_alias,NOM_EXPLICITE_LEGENDE,False,False
F0563,False,1,AMBIGU_LIEU_OU_DESCRIPTION,,generic_rule,A_EXAMINER,False,False
F0564,False,1,AMBIGU_LIEU_OU_DESCRIPTION,,generic_rule,A_EXAMINER,True,False
F0565,False,1,BATIMENT_NOMME_AUTO,maison-cauchie,named_alias,NOM_EXPLICITE_LEGENDE,False,False
F0566,False,1,AMBIGU_LIEU_OU_DESCRIPTION,,generic_rule,A_EXAMINER,False,False
F0567,False,1,BATIMENT_NOMME_AUTO,maison-de-poore,named_alias,NOM_EXPLICITE_LEGENDE,False,False
F0568,False,1,AUTRE_CONTENU,,non_identifiable_message,CATEGORIE_AUTO,True,False
F0569,False,1,BATIMENT_NOMME_AUTO,maison-bacot,named_alias,NOM_EXPLICITE_LEGENDE,False,False
F0570,False,1,AUTRE_CONTENU,,object_rule,CATEGORIE_AUTO,False,False
F0571,False,1,AMBIGU_LIEU_OU_DESCRIPTION,,generic_rule,A_EXAMINER,False,False
F0572,False,1,AMBIGU_LIEU_OU_DESCRIPTION,,generic_rule,A_EXAMINER,False,False
F0573,False,1,AMBIGU_LIEU_OU_DESCRIPTION,,generic_rule,A_EXAMINER,True,False
F0574,False,1,BATIMENT_NOMME_AUTO,lhuitriere-lille,named_alias,IDENTITE_COMPATIBLE_ARTICLE_SITE,False,False
F0575,False,1,AMBIGU_LIEU_OU_DESCRIPTION,,generic_rule,A_EXAMINER,False,False
F0576,False,1,AMBIGU_LIEU_OU_DESCRIPTION,,generic_rule,A_EXAMINER,True,False
F0577,False,1,AMBIGU_LIEU_OU_DESCRIPTION,,generic_rule,A_EXAMINER,False,False
F0578,False,1,AMBIGU_LIEU_OU_DESCRIPTION,,generic_rule,A_EXAMINER,False,False
F0579,False,1,AMBIGU_LIEU_OU_DESCRIPTION,,generic_rule,A_EXAMINER,False,False
F0580,False,1,BATIMENT_NOMME_AUTO,hotel-solvay,named_alias,NOM_EXPLICITE_LEGENDE,False,False
F0581,False,1,AMBIGU_LIEU_OU_DESCRIPTION,,generic_rule,A_EXAMINER,True,False
F0582,False,1,AMBIGU_LIEU_OU_DESCRIPTION,,generic_rule,A_EXAMINER,False,False
F0583,False,1,SUJET_INCONNU,,unresolved,NON_IDENTIFIE,False,False
F0584,False,1,AUTRE_CONTENU,,non_identifiable_message,CATEGORIE_AUTO,False,False
F0585,False,1,AUTRE_CONTENU,,object_rule,CATEGORIE_AUTO,True,False
F0586,False,1,BATIMENT_NOMME_AUTO,maison-warocque,named_alias,SERIE_MULTIVUES_VERIFIEE_PARTIELLEMENT,False,True
F0587,False,1,AUTRE_CONTENU,,non_identifiable_message,CATEGORIE_AUTO,True,False
F0588,False,1,BATIMENT_NOMME_AUTO,maison-piot,named_alias,SERIE_MULTIVUES_VERIFIEE_PARTIELLEMENT,False,False
F0589,False,1,AMBIGU_LIEU_OU_DESCRIPTION,,generic_rule,A_EXAMINER,False,False
F0590,False,1,AMBIGU_LIEU_OU_DESCRIPTION,,generic_rule,A_EXAMINER,True,False
F0591,False,1,AMBIGU_LIEU_OU_DESCRIPTION,,generic_rule,A_EXAMINER,False,False
F0592,False,1,AMBIGU_LIEU_OU_DESCRIPTION,,generic_rule,A_EXAMINER,False,False
F0593,False,1,AMBIGU_LIEU_OU_DESCRIPTION,,generic_rule,A_EXAMINER,False,False
F0594,False,1,AUTRE_CONTENU,,object_rule,CATEGORIE_AUTO,False,False
F0595,False,1,BATIMENT_NOMME_AUTO,villa-olga,named_alias,NOM_EXPLICITE_LEGENDE,False,False
F0596,False,1,AMBIGU_LIEU_OU_DESCRIPTION,,generic_rule,A_EXAMINER,True,False
F0597,False,1,BATIMENT_NOMME_AUTO,palais-secession-vienne,named_alias,IDENTITE_COMPATIBLE_ARTICLE_SITE,False,False
F0598,False,1,BATIMENT_NOMME_AUTO,maison-cauchie,named_alias,NOM_EXPLICITE_LEGENDE,False,False
F0599,False,1,AUTRE_CONTENU,,non_identifiable_message,CATEGORIE_AUTO,True,False
F0600,False,1,BATIMENT_NOMME_AUTO,maison-delune-maitre-verrier,named_alias,IDENTITE_COMPATIBLE_ARTICLE_SITE,False,False
F0601,False,1,AMBIGU_LIEU_OU_DESCRIPTION,,generic_rule,A_EXAMINER,False,False
F0602,False,1,BATIMENT_NOMME_AUTO,immeuble-chardons,named_alias,NOM_EXPLICITE_LEGENDE,True,False
F0603,False,1,AMBIGU_LIEU_OU_DESCRIPTION,,generic_rule,A_EXAMINER,False,False
F0604,False,1,AMBIGU_LIEU_OU_DESCRIPTION,,generic_rule,A_EXAMINER,False,False
F0605,False,1,BATIMENT_NOMME_AUTO,maison-cauchie,named_alias,NOM_EXPLICITE_LEGENDE,False,False
F0606,False,1,AMBIGU_LIEU_OU_DESCRIPTION,,generic_rule,A_EXAMINER,False,False
F0607,False,1,BATIMENT_NOMME_AUTO,maison-delune-maitre-verrier,named_alias,IDENTITE_COMPATIBLE_ARTICLE_SITE,True,False
F0608,False,1,AUTRE_CONTENU,,object_rule,CATEGORIE_AUTO,False,False
F0609,False,1,BATIMENT_NOMME_AUTO,villa-cavrois,named_alias,NOM_EXPLICITE_LEGENDE,False,False
F0610,False,1,AMBIGU_LIEU_OU_DESCRIPTION,,generic_rule,A_EXAMINER,False,False
F0611,False,1,AMBIGU_LIEU_OU_DESCRIPTION,,generic_rule,A_EXAMINER,False,False
F0612,False,1,AMBIGU_LIEU_OU_DESCRIPTION,,generic_rule,A_EXAMINER,False,False
F0613,False,1,AMBIGU_LIEU_OU_DESCRIPTION,,generic_rule,A_EXAMINER,False,False
F0614,False,1,AMBIGU_LIEU_OU_DESCRIPTION,,generic_rule,A_EXAMINER,False,False
F0615,False,1,BATIMENT_NOMME_AUTO,maison-saint-cyr,named_alias,NOM_EXPLICITE_LEGENDE,True,False
F0616,False,1,AUTRE_CONTENU,,object_rule,CATEGORIE_AUTO,False,False
F0617,False,1,AMBIGU_LIEU_OU_DESCRIPTION,,generic_rule,A_EXAMINER,False,False
F0618,False,2,SUJET_INCONNU,,unresolved,NON_IDENTIFIE,False,False
F0619,False,1,SUJET_INCONNU,,unresolved,NON_IDENTIFIE,False,False
F0620,False,2,SUJET_INCONNU,,unresolved,NON_IDENTIFIE,False,False
F0621,False,1,BATIMENT_NOMME_AUTO,casa-jeroni-granell,named_alias,NOM_EXPLICITE_LEGENDE,True,False
F0622,False,1,AMBIGU_LIEU_OU_DESCRIPTION,,generic_rule,A_EXAMINER,False,False
F0623,False,1,AMBIGU_LIEU_OU_DESCRIPTION,,generic_rule,A_EXAMINER,False,False
F0624,False,1,AMBIGU_LIEU_OU_DESCRIPTION,,generic_rule,A_EXAMINER,False,False
F0625,False,1,AMBIGU_LIEU_OU_DESCRIPTION,,generic_rule,A_EXAMINER,False,False
F0626,False,1,BATIMENT_NOMME_AUTO,casa-campani,named_alias,NOM_EXPLICITE_LEGENDE,False,False
F0627,False,1,AMBIGU_LIEU_OU_DESCRIPTION,,generic_rule,A_EXAMINER,False,False
F0628,False,1,AMBIGU_LIEU_OU_DESCRIPTION,,generic_rule,A_EXAMINER,True,False
F0629,False,1,SUJET_INCONNU,,unresolved,NON_IDENTIFIE,False,False
F0630,False,1,AMBIGU_LIEU_OU_DESCRIPTION,,generic_rule,A_EXAMINER,False,False
F0631,False,1,AMBIGU_LIEU_OU_DESCRIPTION,,generic_rule,A_EXAMINER,False,False
F0632,False,1,AMBIGU_LIEU_OU_DESCRIPTION,,generic_rule,A_EXAMINER,False,False
F0633,False,1,AMBIGU_LIEU_OU_DESCRIPTION,,generic_rule,A_EXAMINER,True,False
F0634,False,1,AUTRE_CONTENU,,object_rule,CATEGORIE_AUTO,False,False
F0635,False,1,AMBIGU_LIEU_OU_DESCRIPTION,,generic_rule,A_EXAMINER,True,False
F0636,False,1,AMBIGU_IDENTITE,,named_alias,A_EXAMINER,False,False
F0637,False,1,AMBIGU_LIEU_OU_DESCRIPTION,,generic_rule,A_EXAMINER,False,False
F0638,False,1,AMBIGU_LIEU_OU_DESCRIPTION,,generic_rule,A_EXAMINER,False,False
F0639,False,1,AMBIGU_LIEU_OU_DESCRIPTION,,generic_rule,A_EXAMINER,False,False
F0640,False,1,AMBIGU_LIEU_OU_DESCRIPTION,,generic_rule,A_EXAMINER,True,False
F0641,False,1,BATIMENT_NOMME_AUTO,maison-coilliot-lille,named_alias,IDENTITE_COMPATIBLE_ARTICLE_SITE,False,False
F0642,False,1,AMBIGU_LIEU_OU_DESCRIPTION,,generic_rule,A_EXAMINER,True,False
F0643,False,1,AMBIGU_LIEU_OU_DESCRIPTION,,generic_rule,A_EXAMINER,False,False
F0644,False,1,BATIMENT_NOMME_AUTO,musee-horta,named_alias,NOM_EXPLICITE_LEGENDE,True,False
F0645,False,1,AMBIGU_LIEU_OU_DESCRIPTION,,generic_rule,A_EXAMINER,False,False
F0646,False,1,AUTRE_CONTENU,,object_rule,CATEGORIE_AUTO,False,False
F0647,False,1,AMBIGU_LIEU_OU_DESCRIPTION,,generic_rule,A_EXAMINER,False,False
F0648,False,1,AMBIGU_LIEU_OU_DESCRIPTION,,generic_rule,A_EXAMINER,False,False
F0649,False,1,AMBIGU_LIEU_OU_DESCRIPTION,,generic_rule,A_EXAMINER,True,False
F0650,False,1,AMBIGU_LIEU_OU_DESCRIPTION,,generic_rule,A_EXAMINER,False,False
F0651,False,1,SUJET_INCONNU,,unresolved,NON_IDENTIFIE,False,False
F0652,False,1,AMBIGU_LIEU_OU_DESCRIPTION,,generic_rule,A_EXAMINER,False,False
F0653,False,1,AMBIGU_LIEU_OU_DESCRIPTION,,generic_rule,A_EXAMINER,False,False
F0654,False,1,AMBIGU_LIEU_OU_DESCRIPTION,,generic_rule,A_EXAMINER,False,False
F0655,False,1,AMBIGU_IDENTITE,,named_alias,A_EXAMINER,False,False
F0656,False,1,AMBIGU_IDENTITE,,named_alias,A_EXAMINER,False,False
F0657,False,1,AMBIGU_LIEU_OU_DESCRIPTION,,generic_rule,A_EXAMINER,False,False
F0658,False,1,AMBIGU_LIEU_OU_DESCRIPTION,,generic_rule,A_EXAMINER,False,False
F0659,False,1,AUTRE_CONTENU,,non_identifiable_message,CATEGORIE_AUTO,False,False
F0660,False,1,AMBIGU_LIEU_OU_DESCRIPTION,,generic_rule,A_EXAMINER,False,False
F0661,False,1,AMBIGU_LIEU_OU_DESCRIPTION,,generic_rule,A_EXAMINER,False,False
F0662,False,1,AMBIGU_LIEU_OU_DESCRIPTION,,generic_rule,A_EXAMINER,True,False
F0663,False,1,BATIMENT_NOMME_AUTO,villa-olga,named_alias,NOM_EXPLICITE_LEGENDE,False,False
F0664,False,1,AMBIGU_LIEU_OU_DESCRIPTION,,generic_rule,A_EXAMINER,True,False
F0665,False,1,AUTRE_CONTENU,,object_rule,CATEGORIE_AUTO,False,False
F0666,False,1,AMBIGU_LIEU_OU_DESCRIPTION,,generic_rule,A_EXAMINER,False,False
F0667,False,1,AMBIGU_LIEU_OU_DESCRIPTION,,generic_rule,A_EXAMINER,False,False
F0668,False,1,AUTRE_CONTENU,,object_rule,CATEGORIE_AUTO,False,False
F0669,False,1,AMBIGU_LIEU_OU_DESCRIPTION,,generic_rule,A_EXAMINER,False,False
F0670,False,1,BATIMENT_NOMME_AUTO,magasins-waucquez,named_alias,NOM_EXPLICITE_LEGENDE,False,False
F0671,False,1,AMBIGU_LIEU_OU_DESCRIPTION,,generic_rule,A_EXAMINER,False,False
F0672,False,1,AUTRE_CONTENU,,non_identifiable_message,CATEGORIE_AUTO,False,False
F0673,False,1,AMBIGU_LIEU_OU_DESCRIPTION,,generic_rule,A_EXAMINER,False,False
F0674,False,1,AMBIGU_LIEU_OU_DESCRIPTION,,generic_rule,A_EXAMINER,False,False
F0675,False,1,AMBIGU_LIEU_OU_DESCRIPTION,,generic_rule,A_EXAMINER,False,False
F0676,False,1,BATIMENT_NOMME_AUTO,maison-cauchie,named_alias,NOM_EXPLICITE_LEGENDE,False,False
F0677,False,1,AMBIGU_LIEU_OU_DESCRIPTION,,generic_rule,A_EXAMINER,True,False
F0678,False,1,BATIMENT_NOMME_AUTO,palais-secession-vienne,named_alias,IDENTITE_COMPATIBLE_ARTICLE_SITE,False,False
F0679,False,1,AUTRE_CONTENU,,non_identifiable_message,CATEGORIE_AUTO,True,False
F0680,False,1,AUTRE_CONTENU,,non_identifiable_message,CATEGORIE_AUTO,True,False
F0681,False,1,AUTRE_CONTENU,,non_identifiable_message,CATEGORIE_AUTO,True,False
F0682,False,1,AMBIGU_LIEU_OU_DESCRIPTION,,generic_rule,A_EXAMINER,False,False
F0683,False,1,AUTRE_CONTENU,,non_identifiable_message,CATEGORIE_AUTO,True,False
F0684,False,1,AMBIGU_LIEU_OU_DESCRIPTION,,generic_rule,A_EXAMINER,False,False
F0685,False,1,BATIMENT_NOMME_AUTO,la-piscine-roubaix,named_alias,NOM_EXPLICITE_LEGENDE,False,False
F0686,False,1,AMBIGU_LIEU_OU_DESCRIPTION,,generic_rule,A_EXAMINER,False,False
F0687,False,1,AMBIGU_LIEU_OU_DESCRIPTION,,generic_rule,A_EXAMINER,False,False
F0688,False,1,AMBIGU_LIEU_OU_DESCRIPTION,,generic_rule,A_EXAMINER,False,False
F0689,False,1,AMBIGU_LIEU_OU_DESCRIPTION,,generic_rule,A_EXAMINER,False,False
F0690,False,1,AMBIGU_LIEU_OU_DESCRIPTION,,generic_rule,A_EXAMINER,False,False
F0691,False,1,BATIMENT_NOMME_AUTO,palais-secession-vienne,named_alias,IDENTITE_COMPATIBLE_ARTICLE_SITE,False,False
F0692,False,1,AMBIGU_LIEU_OU_DESCRIPTION,,generic_rule,A_EXAMINER,False,False
F0693,False,1,BATIMENT_NOMME_AUTO,magasins-waucquez,named_alias,NOM_EXPLICITE_LEGENDE,False,False
F0694,False,1,BATIMENT_NOMME_AUTO,magasins-waucquez,named_alias,NOM_EXPLICITE_LEGENDE,False,False
F0695,False,1,BATIMENT_NOMME_AUTO,magasins-waucquez,named_alias,NOM_EXPLICITE_LEGENDE,False,False
F0696,False,1,AMBIGU_LIEU_OU_DESCRIPTION,,generic_rule,A_EXAMINER,False,False
F0697,False,1,AMBIGU_LIEU_OU_DESCRIPTION,,generic_rule,A_EXAMINER,False,False
F0698,False,1,SUJET_INCONNU,,unresolved,NON_IDENTIFIE,False,False
F0699,False,1,AMBIGU_LIEU_OU_DESCRIPTION,,generic_rule,A_EXAMINER,False,False
F0700,False,1,AMBIGU_LIEU_OU_DESCRIPTION,,generic_rule,A_EXAMINER,False,False
F0701,False,1,AMBIGU_LIEU_OU_DESCRIPTION,,generic_rule,A_EXAMINER,False,False
F0702,False,1,AMBIGU_LIEU_OU_DESCRIPTION,,generic_rule,A_EXAMINER,False,False
F0703,False,1,AUTRE_CONTENU,,object_rule,CATEGORIE_AUTO,False,False
F0704,False,1,AMBIGU_LIEU_OU_DESCRIPTION,,generic_rule,A_EXAMINER,False,False
F0705,False,1,BATIMENT_NOMME_AUTO,palais-secession-vienne,named_alias,IDENTITE_COMPATIBLE_ARTICLE_SITE,False,False
F0706,False,1,AMBIGU_LIEU_OU_DESCRIPTION,,generic_rule,A_EXAMINER,False,False
F0707,False,1,BATIMENT_NOMME_AUTO,maison-saint-cyr,named_alias,NOM_EXPLICITE_LEGENDE,False,False
F0708,False,1,AMBIGU_LIEU_OU_DESCRIPTION,,generic_rule,A_EXAMINER,False,False
F0709,False,1,AMBIGU_LIEU_OU_DESCRIPTION,,generic_rule,A_EXAMINER,False,False
F0710,False,1,AUTRE_CONTENU,,object_rule,CATEGORIE_AUTO,False,False
F0711,False,1,AMBIGU_LIEU_OU_DESCRIPTION,,generic_rule,A_EXAMINER,False,False
F0712,False,1,AMBIGU_LIEU_OU_DESCRIPTION,,generic_rule,A_EXAMINER,False,False
F0713,False,1,AMBIGU_LIEU_OU_DESCRIPTION,,generic_rule,A_EXAMINER,False,False
F0714,False,1,AUTRE_CONTENU,,object_rule,CATEGORIE_AUTO,False,False
F0715,False,1,BATIMENT_NOMME_AUTO,la-piscine-roubaix,named_alias,NOM_EXPLICITE_LEGENDE,False,False
F0716,False,1,BATIMENT_NOMME_AUTO,palais-secession-vienne,named_alias,IDENTITE_COMPATIBLE_ARTICLE_SITE,False,False
F0717,False,1,BATIMENT_NOMME_AUTO,maison-bastin,named_alias,SERIE_MULTIVUES_VERIFIEE_PARTIELLEMENT,False,True
F0718,False,1,AMBIGU_LIEU_OU_DESCRIPTION,,generic_rule,A_EXAMINER,False,False
F0719,False,1,AMBIGU_LIEU_OU_DESCRIPTION,,generic_rule,A_EXAMINER,False,False
F0720,False,1,AMBIGU_LIEU_OU_DESCRIPTION,,generic_rule,A_EXAMINER,False,False
F0721,False,1,AMBIGU_LIEU_OU_DESCRIPTION,,generic_rule,A_EXAMINER,False,False
F0722,False,1,AMBIGU_LIEU_OU_DESCRIPTION,,generic_rule,A_EXAMINER,False,False
F0723,False,1,AMBIGU_IDENTITE,,named_alias,A_EXAMINER,False,False
F0724,False,1,AMBIGU_LIEU_OU_DESCRIPTION,,generic_rule,A_EXAMINER,False,False
F0725,False,1,BATIMENT_NOMME_AUTO,villa-majorelle,named_alias,NOM_EXPLICITE_LEGENDE,False,False
F0726,False,1,AMBIGU_LIEU_OU_DESCRIPTION,,generic_rule,A_EXAMINER,False,False
F0727,False,1,AMBIGU_LIEU_OU_DESCRIPTION,,generic_rule,A_EXAMINER,False,False
F0728,False,1,BATIMENT_NOMME_AUTO,maison-warocque,named_alias,SERIE_MULTIVUES_VERIFIEE_PARTIELLEMENT,False,True
F0729,False,1,BATIMENT_NOMME_AUTO,maison-bastin,named_alias,SERIE_MULTIVUES_VERIFIEE_PARTIELLEMENT,False,True
F0730,False,1,BATIMENT_NOMME_AUTO,eglise-sainte-therese-wattrelos,named_alias,SERIE_MULTIVUES_VERIFIEE_PARTIELLEMENT,False,True
F0731,False,1,AMBIGU_LIEU_OU_DESCRIPTION,,generic_rule,A_EXAMINER,False,False
F0732,False,1,BATIMENT_NOMME_AUTO,la-piscine-roubaix,named_alias,NOM_EXPLICITE_LEGENDE,False,False
F0733,False,1,AMBIGU_LIEU_OU_DESCRIPTION,,generic_rule,A_EXAMINER,False,False
F0734,False,1,BATIMENT_NOMME_AUTO,musee-horta,named_alias,NOM_EXPLICITE_LEGENDE,False,False
F0735,False,1,AMBIGU_LIEU_OU_DESCRIPTION,,generic_rule,A_EXAMINER,False,False
F0736,False,1,BATIMENT_NOMME_AUTO,maison-warocque,named_alias,SERIE_MULTIVUES_VERIFIEE_PARTIELLEMENT,False,True
F0737,False,1,SUJET_INCONNU,,unresolved,NON_IDENTIFIE,False,False
F0738,False,1,AMBIGU_LIEU_OU_DESCRIPTION,,generic_rule,A_EXAMINER,False,False
F0739,False,1,BATIMENT_NOMME_AUTO,la-piscine-roubaix,named_alias,NOM_EXPLICITE_LEGENDE,False,False
F0740,False,1,BATIMENT_NOMME_AUTO,maison-bastin,named_alias,SERIE_MULTIVUES_VERIFIEE_PARTIELLEMENT,False,True
F0741,False,1,BATIMENT_NOMME_AUTO,casa-campanini,named_alias,IDENTITE_COMPATIBLE_ARTICLE_SITE,False,False
F0742,False,1,BATIMENT_NOMME_AUTO,maison-warocque,named_alias,SERIE_MULTIVUES_VERIFIEE_PARTIELLEMENT,False,True
F0743,False,1,AMBIGU_LIEU_OU_DESCRIPTION,,generic_rule,A_EXAMINER,False,False
F0744,False,1,AMBIGU_LIEU_OU_DESCRIPTION,,generic_rule,A_EXAMINER,False,False
F0745,False,1,BATIMENT_NOMME_AUTO,maison-warocque,named_alias,SERIE_MULTIVUES_VERIFIEE_PARTIELLEMENT,False,True
F0746,False,1,BATIMENT_NOMME_AUTO,maison-bastin,named_alias,SERIE_MULTIVUES_VERIFIEE_PARTIELLEMENT,False,True
F0747,False,1,BATIMENT_NOMME_AUTO,jardin-hiver-ursulines,named_alias,NOM_EXPLICITE_LEGENDE,True,False
F0748,False,1,AMBIGU_LIEU_OU_DESCRIPTION,,generic_rule,A_EXAMINER,False,False
F0749,False,1,BATIMENT_NOMME_AUTO,maison-paon-gand,named_alias,SERIE_MULTIVUES_VERIFIEE_PARTIELLEMENT,False,True
F0750,False,1,AMBIGU_LIEU_OU_DESCRIPTION,,generic_rule,A_EXAMINER,False,False
F0751,False,1,BATIMENT_NOMME_AUTO,maison-bastin,named_alias,SERIE_MULTIVUES_VERIFIEE_PARTIELLEMENT,False,True
F0752,False,1,AMBIGU_LIEU_OU_DESCRIPTION,,generic_rule,A_EXAMINER,False,False
F0753,False,1,BATIMENT_NOMME_AUTO,maison-cauchie,named_alias,NOM_EXPLICITE_LEGENDE,False,False
F0754,False,1,BATIMENT_NOMME_AUTO,jardin-hiver-ursulines,named_alias,NOM_EXPLICITE_LEGENDE,True,False
F0755,False,1,AMBIGU_IDENTITE,,named_alias,A_EXAMINER,False,False
F0756,False,1,AMBIGU_LIEU_OU_DESCRIPTION,,generic_rule,A_EXAMINER,True,False
F0757,False,1,AMBIGU_LIEU_OU_DESCRIPTION,,generic_rule,A_EXAMINER,False,False
F0758,False,1,AMBIGU_LIEU_OU_DESCRIPTION,,generic_rule,A_EXAMINER,False,False
F0759,False,1,SUJET_INCONNU,,unresolved,NON_IDENTIFIE,False,False
F0760,False,1,AMBIGU_LIEU_OU_DESCRIPTION,,generic_rule,A_EXAMINER,False,False
F0761,False,1,AMBIGU_IDENTITE,,named_alias,A_EXAMINER,False,False
F0762,False,1,AMBIGU_LIEU_OU_DESCRIPTION,,generic_rule,A_EXAMINER,False,False
F0763,False,1,AMBIGU_LIEU_OU_DESCRIPTION,,generic_rule,A_EXAMINER,False,False
F0764,False,1,AMBIGU_LIEU_OU_DESCRIPTION,,generic_rule,A_EXAMINER,False,False
F0765,False,1,AMBIGU_LIEU_OU_DESCRIPTION,,generic_rule,A_EXAMINER,False,False
F0766,False,1,AMBIGU_LIEU_OU_DESCRIPTION,,generic_rule,A_EXAMINER,False,False
F0767,False,1,AUTRE_CONTENU,,object_rule,CATEGORIE_AUTO,False,False
F0768,False,1,AMBIGU_LIEU_OU_DESCRIPTION,,generic_rule,A_EXAMINER,False,False
F0769,False,1,AMBIGU_LIEU_OU_DESCRIPTION,,generic_rule,A_EXAMINER,False,False
F0770,False,1,AMBIGU_LIEU_OU_DESCRIPTION,,generic_rule,A_EXAMINER,False,False
F0771,False,1,BATIMENT_NOMME_AUTO,maison-piot,named_alias,SERIE_MULTIVUES_VERIFIEE_PARTIELLEMENT,False,False
F0772,False,1,AMBIGU_LIEU_OU_DESCRIPTION,,generic_rule,A_EXAMINER,False,False
F0773,False,1,AMBIGU_LIEU_OU_DESCRIPTION,,generic_rule,A_EXAMINER,False,False
F0774,False,1,AMBIGU_LIEU_OU_DESCRIPTION,,generic_rule,A_EXAMINER,False,False
F0775,False,1,AMBIGU_LIEU_OU_DESCRIPTION,,generic_rule,A_EXAMINER,False,False
F0776,False,1,AMBIGU_LIEU_OU_DESCRIPTION,,generic_rule,A_EXAMINER,False,False
F0777,False,1,AMBIGU_LIEU_OU_DESCRIPTION,,generic_rule,A_EXAMINER,False,False
F0778,False,1,BATIMENT_NOMME_AUTO,maison-des-hiboux,named_alias,IDENTITE_COMPATIBLE_ARTICLE_SITE,False,False
F0779,False,1,AMBIGU_LIEU_OU_DESCRIPTION,,generic_rule,A_EXAMINER,False,False
F0780,False,1,AMBIGU_LIEU_OU_DESCRIPTION,,generic_rule,A_EXAMINER,False,False
F0781,False,1,BATIMENT_NOMME_AUTO,casa-galimberti,named_alias,NOM_EXPLICITE_LEGENDE,False,False
F0782,False,1,AMBIGU_LIEU_OU_DESCRIPTION,,generic_rule,A_EXAMINER,False,False
F0783,False,1,AMBIGU_LIEU_OU_DESCRIPTION,,generic_rule,A_EXAMINER,False,False
F0784,False,1,AUTRE_CONTENU,,object_rule,CATEGORIE_AUTO,False,False
F0785,False,1,AMBIGU_LIEU_OU_DESCRIPTION,,generic_rule,A_EXAMINER,False,False
F0786,False,1,BATIMENT_NOMME_AUTO,casa-galimberti,named_alias,NOM_EXPLICITE_LEGENDE,False,False
F0787,False,1,AMBIGU_LIEU_OU_DESCRIPTION,,generic_rule,A_EXAMINER,False,False
F0788,False,1,AMBIGU_LIEU_OU_DESCRIPTION,,generic_rule,A_EXAMINER,False,False
F0789,False,1,AUTRE_CONTENU,,object_rule,CATEGORIE_AUTO,False,False
F0790,False,1,AMBIGU_LIEU_OU_DESCRIPTION,,generic_rule,A_EXAMINER,False,False
F0791,False,1,AMBIGU_LIEU_OU_DESCRIPTION,,generic_rule,A_EXAMINER,False,False
F0792,False,1,AMBIGU_LIEU_OU_DESCRIPTION,,generic_rule,A_EXAMINER,False,False
F0793,False,1,AMBIGU_LIEU_OU_DESCRIPTION,,generic_rule,A_EXAMINER,False,False
F0794,False,1,AMBIGU_LIEU_OU_DESCRIPTION,,generic_rule,A_EXAMINER,False,False
F0795,False,1,AMBIGU_LIEU_OU_DESCRIPTION,,generic_rule,A_EXAMINER,False,False
F0796,False,1,AMBIGU_LIEU_OU_DESCRIPTION,,generic_rule,A_EXAMINER,False,False
F0797,False,1,SUJET_INCONNU,,unresolved,NON_IDENTIFIE,False,False
F0798,False,1,AMBIGU_LIEU_OU_DESCRIPTION,,generic_rule,A_EXAMINER,False,False
F0799,False,1,AMBIGU_LIEU_OU_DESCRIPTION,,generic_rule,A_EXAMINER,False,False
F0800,False,1,AMBIGU_LIEU_OU_DESCRIPTION,,generic_rule,A_EXAMINER,False,False
F0801,False,1,AMBIGU_LIEU_OU_DESCRIPTION,,generic_rule,A_EXAMINER,False,False
F0802,False,1,AMBIGU_LIEU_OU_DESCRIPTION,,generic_rule,A_EXAMINER,False,False
F0803,False,1,AMBIGU_LIEU_OU_DESCRIPTION,,generic_rule,A_EXAMINER,False,False
F0804,False,1,AMBIGU_LIEU_OU_DESCRIPTION,,generic_rule,A_EXAMINER,False,False
F0805,False,1,SUJET_INCONNU,,unresolved,NON_IDENTIFIE,False,False
F0806,False,1,AMBIGU_LIEU_OU_DESCRIPTION,,generic_rule,A_EXAMINER,False,False
F0807,False,1,AMBIGU_LIEU_OU_DESCRIPTION,,generic_rule,A_EXAMINER,False,False
F0808,False,1,AMBIGU_LIEU_OU_DESCRIPTION,,generic_rule,A_EXAMINER,False,False
F0809,False,1,AMBIGU_LIEU_OU_DESCRIPTION,,generic_rule,A_EXAMINER,False,False
F0810,False,1,BATIMENT_NOMME_AUTO,maison-paon-gand,named_alias,SERIE_MULTIVUES_VERIFIEE_PARTIELLEMENT,False,True
F0811,False,1,BATIMENT_NOMME_AUTO,hotel-ciamberlani,named_alias,NOM_EXPLICITE_LEGENDE,False,False
F0812,False,1,AMBIGU_LIEU_OU_DESCRIPTION,,generic_rule,A_EXAMINER,False,False
F0813,False,1,AMBIGU_LIEU_OU_DESCRIPTION,,generic_rule,A_EXAMINER,False,False
F0814,False,1,AMBIGU_LIEU_OU_DESCRIPTION,,generic_rule,A_EXAMINER,False,False
F0815,False,1,AMBIGU_LIEU_OU_DESCRIPTION,,generic_rule,A_EXAMINER,False,False
F0816,False,1,BATIMENT_NOMME_AUTO,casa-galimberti,named_alias,NOM_EXPLICITE_LEGENDE,False,False
F0817,False,1,AMBIGU_LIEU_OU_DESCRIPTION,,generic_rule,A_EXAMINER,False,False
F0818,False,1,AMBIGU_LIEU_OU_DESCRIPTION,,generic_rule,A_EXAMINER,False,False
F0819,False,1,AMBIGU_LIEU_OU_DESCRIPTION,,generic_rule,A_EXAMINER,False,False
F0820,False,1,AMBIGU_LIEU_OU_DESCRIPTION,,generic_rule,A_EXAMINER,False,False
F0821,False,1,BATIMENT_NOMME_AUTO,maison-delune-maitre-verrier,named_alias,IDENTITE_COMPATIBLE_ARTICLE_SITE,False,False
F0822,False,1,AMBIGU_LIEU_OU_DESCRIPTION,,generic_rule,A_EXAMINER,False,False
F0823,False,1,AMBIGU_LIEU_OU_DESCRIPTION,,generic_rule,A_EXAMINER,False,False
F0824,False,1,SUJET_INCONNU,,unresolved,NON_IDENTIFIE,False,False
F0825,False,1,AMBIGU_LIEU_OU_DESCRIPTION,,generic_rule,A_EXAMINER,False,False
F0826,False,1,SUJET_INCONNU,,unresolved,NON_IDENTIFIE,False,False
F0827,False,1,AUTRE_CONTENU,,non_identifiable_message,CATEGORIE_AUTO,False,False
F0828,False,1,AMBIGU_LIEU_OU_DESCRIPTION,,generic_rule,A_EXAMINER,False,False
F0829,False,1,AMBIGU_LIEU_OU_DESCRIPTION,,generic_rule,A_EXAMINER,False,False
F0830,False,1,AMBIGU_LIEU_OU_DESCRIPTION,,generic_rule,A_EXAMINER,False,False
F0831,False,1,SUJET_INCONNU,,unresolved,NON_IDENTIFIE,False,False
F0832,False,1,AMBIGU_LIEU_OU_DESCRIPTION,,generic_rule,A_EXAMINER,False,False
F0833,False,1,AMBIGU_LIEU_OU_DESCRIPTION,,generic_rule,A_EXAMINER,False,False
F0834,False,1,AMBIGU_LIEU_OU_DESCRIPTION,,generic_rule,A_EXAMINER,False,False
F0835,False,1,AMBIGU_LIEU_OU_DESCRIPTION,,generic_rule,A_EXAMINER,False,False
F0836,False,1,AMBIGU_LIEU_OU_DESCRIPTION,,generic_rule,A_EXAMINER,False,False
F0837,False,1,AMBIGU_LIEU_OU_DESCRIPTION,,generic_rule,A_EXAMINER,False,False
F0838,False,1,AMBIGU_LIEU_OU_DESCRIPTION,,generic_rule,A_EXAMINER,False,False
F0839,False,1,AUTRE_CONTENU,,object_rule,CATEGORIE_AUTO,False,False
F0840,False,1,AMBIGU_LIEU_OU_DESCRIPTION,,generic_rule,A_EXAMINER,False,False
F0841,False,1,AUTRE_CONTENU,,object_rule,CATEGORIE_AUTO,False,False
F0842,False,1,BATIMENT_NOMME_AUTO,maison-bacot,named_alias,NOM_EXPLICITE_LEGENDE,False,False
F0843,False,1,AMBIGU_LIEU_OU_DESCRIPTION,,generic_rule,A_EXAMINER,False,False
F0844,False,1,AMBIGU_LIEU_OU_DESCRIPTION,,generic_rule,A_EXAMINER,False,False
F0845,False,1,AMBIGU_LIEU_OU_DESCRIPTION,,generic_rule,A_EXAMINER,False,False
F0846,False,1,AUTRE_CONTENU,,object_rule,CATEGORIE_AUTO,False,False
F0847,False,1,SUJET_INCONNU,,unresolved,NON_IDENTIFIE,False,False
F0848,False,1,AMBIGU_LIEU_OU_DESCRIPTION,,generic_rule,A_EXAMINER,False,False
F0849,False,1,BATIMENT_NOMME_AUTO,maison-delune-maitre-verrier,named_alias,IDENTITE_COMPATIBLE_ARTICLE_SITE,False,False
F0850,False,1,BATIMENT_NOMME_AUTO,eglise-sainte-therese-wattrelos,named_alias,SERIE_MULTIVUES_VERIFIEE_PARTIELLEMENT,False,True
F0851,False,1,AMBIGU_LIEU_OU_DESCRIPTION,,generic_rule,A_EXAMINER,False,False
F0852,False,1,BATIMENT_NOMME_AUTO,palais-secession-vienne,named_alias,IDENTITE_COMPATIBLE_ARTICLE_SITE,False,False
F0853,False,1,AUTRE_CONTENU,,object_rule,CATEGORIE_AUTO,False,False
F0854,False,1,AMBIGU_LIEU_OU_DESCRIPTION,,generic_rule,A_EXAMINER,False,False
F0855,False,1,AMBIGU_LIEU_OU_DESCRIPTION,,generic_rule,A_EXAMINER,False,False
F0856,False,1,AMBIGU_LIEU_OU_DESCRIPTION,,generic_rule,A_EXAMINER,False,False
F0857,False,1,AMBIGU_LIEU_OU_DESCRIPTION,,generic_rule,A_EXAMINER,False,False
F0858,False,1,SUJET_INCONNU,,unresolved,NON_IDENTIFIE,False,False
F0859,False,1,AMBIGU_LIEU_OU_DESCRIPTION,,generic_rule,A_EXAMINER,False,False
F0860,False,1,AMBIGU_LIEU_OU_DESCRIPTION,,generic_rule,A_EXAMINER,False,False
F0861,False,1,AMBIGU_LIEU_OU_DESCRIPTION,,generic_rule,A_EXAMINER,False,False
F0862,False,1,AMBIGU_LIEU_OU_DESCRIPTION,,generic_rule,A_EXAMINER,False,False
F0863,False,1,BATIMENT_NOMME_AUTO,aquarium-milan,named_alias,IDENTITE_COMPATIBLE_ARTICLE_SITE,False,False
F0864,False,1,AMBIGU_LIEU_OU_DESCRIPTION,,generic_rule,A_EXAMINER,False,False
F0865,False,1,SUJET_INCONNU,,unresolved,NON_IDENTIFIE,False,False
F0866,False,1,AMBIGU_LIEU_OU_DESCRIPTION,,generic_rule,A_EXAMINER,False,False
F0867,False,1,AMBIGU_LIEU_OU_DESCRIPTION,,generic_rule,A_EXAMINER,False,False
F0868,False,1,AMBIGU_LIEU_OU_DESCRIPTION,,generic_rule,A_EXAMINER,False,False
F0869,False,1,AMBIGU_LIEU_OU_DESCRIPTION,,generic_rule,A_EXAMINER,False,False
F0870,False,1,BATIMENT_NOMME_AUTO,maison-des-hiboux,named_alias,IDENTITE_COMPATIBLE_ARTICLE_SITE,False,False
F0871,False,1,AMBIGU_LIEU_OU_DESCRIPTION,,generic_rule,A_EXAMINER,False,False
F0872,False,1,AMBIGU_LIEU_OU_DESCRIPTION,,generic_rule,A_EXAMINER,False,False
F0873,False,1,AMBIGU_LIEU_OU_DESCRIPTION,,generic_rule,A_EXAMINER,False,False
F0874,False,1,AMBIGU_LIEU_OU_DESCRIPTION,,generic_rule,A_EXAMINER,False,False
F0875,False,1,AMBIGU_LIEU_OU_DESCRIPTION,,generic_rule,A_EXAMINER,False,False
F0876,False,1,AMBIGU_LIEU_OU_DESCRIPTION,,generic_rule,A_EXAMINER,False,False
F0877,False,1,AMBIGU_LIEU_OU_DESCRIPTION,,generic_rule,A_EXAMINER,False,False
F0878,False,1,SUJET_INCONNU,,unresolved,NON_IDENTIFIE,False,False
F0879,False,1,SUJET_INCONNU,,unresolved,NON_IDENTIFIE,False,False
F0880,False,1,SUJET_INCONNU,,unresolved,NON_IDENTIFIE,False,False
F0881,False,1,BATIMENT_NOMME_AUTO,gare-lens,named_alias,NOM_EXPLICITE_LEGENDE,False,False
F0882,False,1,AMBIGU_LIEU_OU_DESCRIPTION,,generic_rule,A_EXAMINER,False,False
F0883,False,1,AMBIGU_LIEU_OU_DESCRIPTION,,generic_rule,A_EXAMINER,False,False
F0884,False,1,AMBIGU_LIEU_OU_DESCRIPTION,,generic_rule,A_EXAMINER,False,False
F0885,False,1,AMBIGU_LIEU_OU_DESCRIPTION,,generic_rule,A_EXAMINER,False,False
F0886,False,1,SUJET_INCONNU,,unresolved,NON_IDENTIFIE,False,False
F0887,False,1,AMBIGU_LIEU_OU_DESCRIPTION,,generic_rule,A_EXAMINER,False,False
F0888,False,1,AMBIGU_LIEU_OU_DESCRIPTION,,generic_rule,A_EXAMINER,False,False
F0889,False,1,BATIMENT_NOMME_AUTO,eglise-sainte-therese-wattrelos,named_alias,SERIE_MULTIVUES_VERIFIEE_PARTIELLEMENT,False,True
F0890,False,1,AMBIGU_LIEU_OU_DESCRIPTION,,generic_rule,A_EXAMINER,False,False
F0891,False,1,SUJET_INCONNU,,unresolved,NON_IDENTIFIE,False,False
F0892,False,1,AMBIGU_LIEU_OU_DESCRIPTION,,generic_rule,A_EXAMINER,False,False
F0893,False,1,AMBIGU_LIEU_OU_DESCRIPTION,,generic_rule,A_EXAMINER,False,False
F0894,False,1,AMBIGU_LIEU_OU_DESCRIPTION,,generic_rule,A_EXAMINER,False,False
F0895,False,1,SUJET_INCONNU,,unresolved,NON_IDENTIFIE,False,False
F0896,False,1,AMBIGU_LIEU_OU_DESCRIPTION,,generic_rule,A_EXAMINER,False,False
F0897,False,1,AMBIGU_LIEU_OU_DESCRIPTION,,generic_rule,A_EXAMINER,False,False
F0898,False,1,SUJET_INCONNU,,unresolved,NON_IDENTIFIE,False,False
F0899,False,1,AMBIGU_LIEU_OU_DESCRIPTION,,generic_rule,A_EXAMINER,False,False
F0900,False,1,SUJET_INCONNU,,unresolved,NON_IDENTIFIE,False,False
F0901,False,1,AMBIGU_LIEU_OU_DESCRIPTION,,generic_rule,A_EXAMINER,False,False
F0902,False,1,SUJET_INCONNU,,unresolved,NON_IDENTIFIE,False,False
F0903,False,1,AMBIGU_LIEU_OU_DESCRIPTION,,generic_rule,A_EXAMINER,False,False
F0904,False,1,BATIMENT_NOMME_AUTO,maison-coilliot-lille,named_alias,IDENTITE_COMPATIBLE_ARTICLE_SITE,False,False
F0905,False,1,BATIMENT_NOMME_AUTO,palais-secession-vienne,named_alias,IDENTITE_COMPATIBLE_ARTICLE_SITE,False,False
F0906,False,1,AMBIGU_LIEU_OU_DESCRIPTION,,generic_rule,A_EXAMINER,False,False
F0907,False,1,AMBIGU_LIEU_OU_DESCRIPTION,,generic_rule,A_EXAMINER,False,False
F0908,False,1,BATIMENT_NOMME_AUTO,aquarium-milan,named_alias,IDENTITE_COMPATIBLE_ARTICLE_SITE,False,False
F0909,False,1,AMBIGU_LIEU_OU_DESCRIPTION,,generic_rule,A_EXAMINER,False,False
F0910,False,1,AMBIGU_LIEU_OU_DESCRIPTION,,generic_rule,A_EXAMINER,False,False
F0911,False,1,AMBIGU_LIEU_OU_DESCRIPTION,,generic_rule,A_EXAMINER,False,False
F0912,False,1,AMBIGU_LIEU_OU_DESCRIPTION,,generic_rule,A_EXAMINER,False,False
F0913,False,1,AMBIGU_LIEU_OU_DESCRIPTION,,generic_rule,A_EXAMINER,False,False
F0914,False,1,AMBIGU_LIEU_OU_DESCRIPTION,,generic_rule,A_EXAMINER,False,False
F0915,False,1,AMBIGU_LIEU_OU_DESCRIPTION,,generic_rule,A_EXAMINER,False,False
F0916,False,1,AMBIGU_LIEU_OU_DESCRIPTION,,generic_rule,A_EXAMINER,False,False
F0917,False,1,SUJET_INCONNU,,unresolved,NON_IDENTIFIE,False,False
F0918,False,1,SUJET_INCONNU,,unresolved,NON_IDENTIFIE,False,False
F0919,False,1,BATIMENT_NOMME_AUTO,eglise-sainte-therese-wattrelos,named_alias,SERIE_MULTIVUES_VERIFIEE_PARTIELLEMENT,False,True
F0920,False,1,BATIMENT_NOMME_AUTO,eglise-sainte-therese-wattrelos,named_alias,SERIE_MULTIVUES_VERIFIEE_PARTIELLEMENT,False,True
F0921,False,1,AMBIGU_LIEU_OU_DESCRIPTION,,generic_rule,A_EXAMINER,False,False
F0922,False,1,SUJET_INCONNU,,unresolved,NON_IDENTIFIE,False,False
F0923,False,1,AMBIGU_LIEU_OU_DESCRIPTION,,generic_rule,A_EXAMINER,False,False
F0924,False,1,AMBIGU_LIEU_OU_DESCRIPTION,,generic_rule,A_EXAMINER,False,False
F0925,False,1,SUJET_INCONNU,,unresolved,NON_IDENTIFIE,False,False
F0926,False,1,SUJET_INCONNU,,unresolved,NON_IDENTIFIE,False,False
F0927,False,1,AMBIGU_LIEU_OU_DESCRIPTION,,generic_rule,A_EXAMINER,False,False
F0928,False,1,BATIMENT_NOMME_AUTO,palais-secession-vienne,named_alias,IDENTITE_COMPATIBLE_ARTICLE_SITE,False,False
F0929,False,1,AMBIGU_LIEU_OU_DESCRIPTION,,generic_rule,A_EXAMINER,False,False
F0930,False,1,AMBIGU_LIEU_OU_DESCRIPTION,,generic_rule,A_EXAMINER,False,False
F0931,False,1,AMBIGU_LIEU_OU_DESCRIPTION,,generic_rule,A_EXAMINER,False,False
F0932,False,1,AMBIGU_LIEU_OU_DESCRIPTION,,generic_rule,A_EXAMINER,False,False
F0933,False,1,SUJET_INCONNU,,unresolved,NON_IDENTIFIE,False,False
F0934,False,1,AMBIGU_LIEU_OU_DESCRIPTION,,generic_rule,A_EXAMINER,False,False
F0935,False,1,AMBIGU_LIEU_OU_DESCRIPTION,,generic_rule,A_EXAMINER,False,False
F0936,False,1,AMBIGU_LIEU_OU_DESCRIPTION,,generic_rule,A_EXAMINER,False,False
F0937,False,1,AMBIGU_LIEU_OU_DESCRIPTION,,generic_rule,A_EXAMINER,False,False
F0938,False,1,AMBIGU_LIEU_OU_DESCRIPTION,,generic_rule,A_EXAMINER,False,False
F0939,False,1,AMBIGU_LIEU_OU_DESCRIPTION,,generic_rule,A_EXAMINER,False,False
F0940,False,1,AMBIGU_LIEU_OU_DESCRIPTION,,generic_rule,A_EXAMINER,False,False
F0941,False,1,AMBIGU_LIEU_OU_DESCRIPTION,,generic_rule,A_EXAMINER,False,False
F0942,False,1,AMBIGU_LIEU_OU_DESCRIPTION,,generic_rule,A_EXAMINER,False,False
F0943,False,1,AMBIGU_LIEU_OU_DESCRIPTION,,generic_rule,A_EXAMINER,False,False
F0944,False,1,AMBIGU_LIEU_OU_DESCRIPTION,,generic_rule,A_EXAMINER,False,False
F0945,False,1,AMBIGU_LIEU_OU_DESCRIPTION,,generic_rule,A_EXAMINER,False,False
F0946,False,1,AMBIGU_LIEU_OU_DESCRIPTION,,generic_rule,A_EXAMINER,False,False
F0947,False,1,BATIMENT_NOMME_AUTO,maison-bacot,named_alias,NOM_EXPLICITE_LEGENDE,False,False
F0948,False,1,AMBIGU_LIEU_OU_DESCRIPTION,,generic_rule,A_EXAMINER,False,False
F0949,False,1,BATIMENT_NOMME_AUTO,maison-piot,named_alias,SERIE_MULTIVUES_VERIFIEE_PARTIELLEMENT,False,False
F0950,False,1,AMBIGU_LIEU_OU_DESCRIPTION,,generic_rule,A_EXAMINER,False,False
F0951,False,1,AMBIGU_LIEU_OU_DESCRIPTION,,generic_rule,A_EXAMINER,False,False
F0952,False,1,BATIMENT_NOMME_AUTO,maison-piot,named_alias,SERIE_MULTIVUES_VERIFIEE_PARTIELLEMENT,False,False
F0953,False,1,AMBIGU_LIEU_OU_DESCRIPTION,,generic_rule,A_EXAMINER,False,False
F0954,False,1,AMBIGU_LIEU_OU_DESCRIPTION,,generic_rule,A_EXAMINER,False,False
F0955,False,1,AMBIGU_LIEU_OU_DESCRIPTION,,generic_rule,A_EXAMINER,False,False
F0956,False,1,SUJET_INCONNU,,unresolved,NON_IDENTIFIE,False,False
F0957,False,1,AMBIGU_LIEU_OU_DESCRIPTION,,generic_rule,A_EXAMINER,False,False
F0958,False,1,AMBIGU_LIEU_OU_DESCRIPTION,,generic_rule,A_EXAMINER,False,False
F0959,False,1,SUJET_INCONNU,,unresolved,NON_IDENTIFIE,False,False
F0960,False,1,AMBIGU_LIEU_OU_DESCRIPTION,,generic_rule,A_EXAMINER,False,False
F0961,False,1,AMBIGU_LIEU_OU_DESCRIPTION,,generic_rule,A_EXAMINER,False,False
F0962,False,1,AMBIGU_LIEU_OU_DESCRIPTION,,generic_rule,A_EXAMINER,False,False
F0963,False,1,BATIMENT_NOMME_AUTO,maison-piot,named_alias,SERIE_MULTIVUES_VERIFIEE_PARTIELLEMENT,False,False
F0964,False,1,AMBIGU_LIEU_OU_DESCRIPTION,,generic_rule,A_EXAMINER,False,False
F0965,False,1,AMBIGU_LIEU_OU_DESCRIPTION,,generic_rule,A_EXAMINER,False,False
F0966,False,1,BATIMENT_NOMME_AUTO,maison-piot,named_alias,SERIE_MULTIVUES_VERIFIEE_PARTIELLEMENT,False,False
F0967,False,1,BATIMENT_NOMME_AUTO,maison-piot,named_alias,SERIE_MULTIVUES_VERIFIEE_PARTIELLEMENT,False,False
F0968,False,1,SUJET_INCONNU,,unresolved,NON_IDENTIFIE,False,False
F0969,False,1,AMBIGU_LIEU_OU_DESCRIPTION,,generic_rule,A_EXAMINER,False,False
F0970,False,1,AMBIGU_LIEU_OU_DESCRIPTION,,generic_rule,A_EXAMINER,False,False
F0971,False,1,AMBIGU_LIEU_OU_DESCRIPTION,,generic_rule,A_EXAMINER,False,False
F0972,False,1,SUJET_INCONNU,,unresolved,NON_IDENTIFIE,False,False
F0973,False,1,SUJET_INCONNU,,unresolved,NON_IDENTIFIE,False,False
F0974,False,1,AUTRE_CONTENU,,object_rule,CATEGORIE_AUTO,False,False
F0975,False,1,AMBIGU_LIEU_OU_DESCRIPTION,,generic_rule,A_EXAMINER,False,False
F0976,False,1,BATIMENT_NOMME_AUTO,aquarium-milan,named_alias,IDENTITE_COMPATIBLE_ARTICLE_SITE,False,False
F0977,False,1,AMBIGU_LIEU_OU_DESCRIPTION,,generic_rule,A_EXAMINER,False,False
F0978,False,1,AMBIGU_LIEU_OU_DESCRIPTION,,generic_rule,A_EXAMINER,False,False
F0979,False,1,SUJET_INCONNU,,unresolved,NON_IDENTIFIE,False,False
F0980,False,1,AMBIGU_LIEU_OU_DESCRIPTION,,generic_rule,A_EXAMINER,False,False
F0981,False,1,AMBIGU_LIEU_OU_DESCRIPTION,,generic_rule,A_EXAMINER,False,False
F0982,False,1,SUJET_INCONNU,,unresolved,NON_IDENTIFIE,False,False
F0983,False,1,AMBIGU_LIEU_OU_DESCRIPTION,,generic_rule,A_EXAMINER,False,False
F0984,False,1,AMBIGU_LIEU_OU_DESCRIPTION,,generic_rule,A_EXAMINER,False,False
F0985,False,1,AMBIGU_LIEU_OU_DESCRIPTION,,generic_rule,A_EXAMINER,False,False
F0986,False,1,AMBIGU_LIEU_OU_DESCRIPTION,,generic_rule,A_EXAMINER,False,False
F0987,False,1,AMBIGU_LIEU_OU_DESCRIPTION,,generic_rule,A_EXAMINER,False,False
F0988,False,1,AMBIGU_LIEU_OU_DESCRIPTION,,generic_rule,A_EXAMINER,False,False
F0989,False,1,AMBIGU_LIEU_OU_DESCRIPTION,,generic_rule,A_EXAMINER,False,False
F0990,False,1,AMBIGU_LIEU_OU_DESCRIPTION,,generic_rule,A_EXAMINER,False,False
F0991,False,1,AMBIGU_LIEU_OU_DESCRIPTION,,generic_rule,A_EXAMINER,False,False
F0992,False,1,AMBIGU_LIEU_OU_DESCRIPTION,,generic_rule,A_EXAMINER,False,False
F0993,False,1,AMBIGU_LIEU_OU_DESCRIPTION,,generic_rule,A_EXAMINER,False,False
F0994,False,1,SUJET_INCONNU,,unresolved,NON_IDENTIFIE,False,False
F0995,False,1,SUJET_INCONNU,,unresolved,NON_IDENTIFIE,False,False
F0996,False,1,AUTRE_CONTENU,,object_rule,CATEGORIE_AUTO,False,False
F0997,False,1,AMBIGU_LIEU_OU_DESCRIPTION,,generic_rule,A_EXAMINER,False,False
F0998,False,1,AMBIGU_LIEU_OU_DESCRIPTION,,generic_rule,A_EXAMINER,False,False
F0999,False,1,SUJET_INCONNU,,unresolved,NON_IDENTIFIE,False,False
F1000,False,1,AMBIGU_LIEU_OU_DESCRIPTION,,generic_rule,A_EXAMINER,False,False
F1001,False,1,AMBIGU_LIEU_OU_DESCRIPTION,,generic_rule,A_EXAMINER,False,False
F1002,False,1,SUJET_INCONNU,,unresolved,NON_IDENTIFIE,False,False
F1003,False,1,AMBIGU_LIEU_OU_DESCRIPTION,,generic_rule,A_EXAMINER,False,False
F1004,False,1,AMBIGU_LIEU_OU_DESCRIPTION,,generic_rule,A_EXAMINER,False,False
F1005,False,1,SUJET_INCONNU,,unresolved,NON_IDENTIFIE,False,False
F1006,False,1,SUJET_INCONNU,,unresolved,NON_IDENTIFIE,False,False
F1007,False,1,SUJET_INCONNU,,unresolved,NON_IDENTIFIE,False,False
F1008,False,1,AMBIGU_LIEU_OU_DESCRIPTION,,generic_rule,A_EXAMINER,False,False
F1009,False,1,AMBIGU_LIEU_OU_DESCRIPTION,,generic_rule,A_EXAMINER,False,False
F1010,False,1,AMBIGU_LIEU_OU_DESCRIPTION,,generic_rule,A_EXAMINER,False,False
F1011,False,1,BATIMENT_NOMME_AUTO,maison-coilliot-lille,named_alias,IDENTITE_COMPATIBLE_ARTICLE_SITE,False,False
F1012,False,1,BATIMENT_NOMME_AUTO,casa-galimberti,named_alias,NOM_EXPLICITE_LEGENDE,False,False
F1013,False,1,SUJET_INCONNU,,unresolved,NON_IDENTIFIE,False,False
F1014,False,1,AMBIGU_LIEU_OU_DESCRIPTION,,generic_rule,A_EXAMINER,False,False
F1015,False,1,AMBIGU_LIEU_OU_DESCRIPTION,,generic_rule,A_EXAMINER,False,False
F1016,False,1,SUJET_INCONNU,,unresolved,NON_IDENTIFIE,False,False
F1017,False,1,AMBIGU_LIEU_OU_DESCRIPTION,,generic_rule,A_EXAMINER,False,False
F1018,False,1,AMBIGU_LIEU_OU_DESCRIPTION,,generic_rule,A_EXAMINER,False,False
F1019,False,1,AMBIGU_LIEU_OU_DESCRIPTION,,generic_rule,A_EXAMINER,False,False
F1020,False,1,BATIMENT_NOMME_AUTO,maison-bastin,named_alias,SERIE_MULTIVUES_VERIFIEE_PARTIELLEMENT,False,True
F1021,False,1,AMBIGU_LIEU_OU_DESCRIPTION,,generic_rule,A_EXAMINER,False,False
F1022,False,1,BATIMENT_NOMME_AUTO,maison-de-lestr[e],named_alias,NOM_EXPLICITE_LEGENDE,False,False
F1023,False,1,AMBIGU_LIEU_OU_DESCRIPTION,,generic_rule,A_EXAMINER,False,False
F1024,False,1,AMBIGU_LIEU_OU_DESCRIPTION,,generic_rule,A_EXAMINER,False,False
F1025,False,1,AUTRE_CONTENU,,object_rule,CATEGORIE_AUTO,False,False
F1026,False,1,BATIMENT_NOMME_AUTO,maison-delune-maitre-verrier,named_alias,IDENTITE_COMPATIBLE_ARTICLE_SITE,False,False
F1027,False,1,AMBIGU_LIEU_OU_DESCRIPTION,,generic_rule,A_EXAMINER,False,False
F1028,False,1,AMBIGU_LIEU_OU_DESCRIPTION,,generic_rule,A_EXAMINER,False,False
F1029,False,1,AMBIGU_LIEU_OU_DESCRIPTION,,generic_rule,A_EXAMINER,False,False
F1030,False,1,SUJET_INCONNU,,unresolved,NON_IDENTIFIE,False,False
F1031,False,1,AMBIGU_LIEU_OU_DESCRIPTION,,generic_rule,A_EXAMINER,False,False
F1032,False,1,AMBIGU_LIEU_OU_DESCRIPTION,,generic_rule,A_EXAMINER,False,False
F1033,False,1,AMBIGU_LIEU_OU_DESCRIPTION,,generic_rule,A_EXAMINER,False,False
F1034,False,1,AMBIGU_LIEU_OU_DESCRIPTION,,generic_rule,A_EXAMINER,False,False
F1035,False,1,SUJET_INCONNU,,unresolved,NON_IDENTIFIE,False,False
F1036,False,1,AMBIGU_LIEU_OU_DESCRIPTION,,generic_rule,A_EXAMINER,False,False
F1037,False,1,AMBIGU_LIEU_OU_DESCRIPTION,,generic_rule,A_EXAMINER,False,False
F1038,False,1,SUJET_INCONNU,,unresolved,NON_IDENTIFIE,False,False
F1039,False,1,AMBIGU_LIEU_OU_DESCRIPTION,,generic_rule,A_EXAMINER,False,False
F1040,False,1,AMBIGU_LIEU_OU_DESCRIPTION,,generic_rule,A_EXAMINER,False,False
F1041,False,1,AMBIGU_LIEU_OU_DESCRIPTION,,generic_rule,A_EXAMINER,False,False
F1042,False,1,AMBIGU_LIEU_OU_DESCRIPTION,,generic_rule,A_EXAMINER,False,False
F1043,False,1,AMBIGU_LIEU_OU_DESCRIPTION,,generic_rule,A_EXAMINER,False,False
F1044,False,1,AMBIGU_LIEU_OU_DESCRIPTION,,generic_rule,A_EXAMINER,False,False
F1045,False,1,AMBIGU_LIEU_OU_DESCRIPTION,,generic_rule,A_EXAMINER,False,False
F1046,False,1,AMBIGU_LIEU_OU_DESCRIPTION,,generic_rule,A_EXAMINER,False,False
F1047,False,1,BATIMENT_NOMME_AUTO,maison-strauven-tournai,named_alias,IDENTITE_COMPATIBLE_ARTICLE_SITE,False,False
F1048,False,1,BATIMENT_NOMME_AUTO,maison-strauven-tournai,named_alias,IDENTITE_COMPATIBLE_ARTICLE_SITE,False,False
F1049,False,1,AMBIGU_LIEU_OU_DESCRIPTION,,generic_rule,A_EXAMINER,False,False
F1050,False,1,AMBIGU_LIEU_OU_DESCRIPTION,,generic_rule,A_EXAMINER,False,False
F1051,False,1,AMBIGU_LIEU_OU_DESCRIPTION,,generic_rule,A_EXAMINER,False,False
F1052,False,1,AMBIGU_LIEU_OU_DESCRIPTION,,generic_rule,A_EXAMINER,False,False
F1053,False,1,AMBIGU_LIEU_OU_DESCRIPTION,,generic_rule,A_EXAMINER,False,False
F1054,False,1,AUTRE_CONTENU,,object_rule,CATEGORIE_AUTO,False,False
F1055,False,1,AMBIGU_LIEU_OU_DESCRIPTION,,generic_rule,A_EXAMINER,False,False
F1056,False,1,BATIMENT_NOMME_AUTO,maison-de-lestr[e],named_alias,NOM_EXPLICITE_LEGENDE,False,False
F1057,False,1,BATIMENT_NOMME_AUTO,casa-campani,named_alias,NOM_EXPLICITE_LEGENDE,False,False
F1058,False,1,AUTRE_CONTENU,,object_rule,CATEGORIE_AUTO,False,False
F1059,False,1,AMBIGU_LIEU_OU_DESCRIPTION,,generic_rule,A_EXAMINER,False,False
F1060,False,1,AMBIGU_LIEU_OU_DESCRIPTION,,generic_rule,A_EXAMINER,False,False
F1061,False,1,AMBIGU_LIEU_OU_DESCRIPTION,,generic_rule,A_EXAMINER,False,False
F1062,False,1,SUJET_INCONNU,,unresolved,NON_IDENTIFIE,False,False
F1063,False,1,AUTRE_CONTENU,,object_rule,CATEGORIE_AUTO,False,False
F1064,False,1,AMBIGU_LIEU_OU_DESCRIPTION,,generic_rule,A_EXAMINER,False,False
F1065,False,1,AMBIGU_LIEU_OU_DESCRIPTION,,generic_rule,A_EXAMINER,False,False
F1066,False,1,AMBIGU_LIEU_OU_DESCRIPTION,,generic_rule,A_EXAMINER,False,False
F1067,False,1,AMBIGU_LIEU_OU_DESCRIPTION,,generic_rule,A_EXAMINER,False,False
F1068,False,1,AMBIGU_LIEU_OU_DESCRIPTION,,generic_rule,A_EXAMINER,False,False
F1069,False,1,AMBIGU_LIEU_OU_DESCRIPTION,,generic_rule,A_EXAMINER,False,False
F1070,False,1,BATIMENT_NOMME_AUTO,aquarium-milan,named_alias,IDENTITE_COMPATIBLE_ARTICLE_SITE,False,False
F1071,False,1,BATIMENT_NOMME_AUTO,maison-majoliques-vienne,named_alias,IDENTITE_COMPATIBLE_ARTICLE_SITE,False,False
F1072,False,1,AMBIGU_LIEU_OU_DESCRIPTION,,generic_rule,A_EXAMINER,False,False
F1073,False,1,SUJET_INCONNU,,unresolved,NON_IDENTIFIE,False,False
F1074,False,1,AMBIGU_LIEU_OU_DESCRIPTION,,generic_rule,A_EXAMINER,False,False
F1075,False,1,AMBIGU_LIEU_OU_DESCRIPTION,,generic_rule,A_EXAMINER,False,False
F1076,False,1,AMBIGU_LIEU_OU_DESCRIPTION,,generic_rule,A_EXAMINER,False,False
F1077,False,1,AMBIGU_LIEU_OU_DESCRIPTION,,generic_rule,A_EXAMINER,False,False
F1078,False,1,AMBIGU_LIEU_OU_DESCRIPTION,,generic_rule,A_EXAMINER,False,False
F1079,False,1,AMBIGU_LIEU_OU_DESCRIPTION,,generic_rule,A_EXAMINER,False,False
F1080,False,1,AMBIGU_LIEU_OU_DESCRIPTION,,generic_rule,A_EXAMINER,False,False
F1081,False,1,AMBIGU_LIEU_OU_DESCRIPTION,,generic_rule,A_EXAMINER,False,False
F1082,False,1,BATIMENT_NOMME_AUTO,palais-secession-vienne,named_alias,IDENTITE_COMPATIBLE_ARTICLE_SITE,False,False
F1083,False,1,AMBIGU_LIEU_OU_DESCRIPTION,,generic_rule,A_EXAMINER,False,False
F1084,False,1,AMBIGU_LIEU_OU_DESCRIPTION,,generic_rule,A_EXAMINER,False,False
F1085,False,1,AUTRE_CONTENU,,non_identifiable_message,CATEGORIE_AUTO,False,False
F1086,False,1,AMBIGU_LIEU_OU_DESCRIPTION,,generic_rule,A_EXAMINER,False,False
F1087,False,1,AMBIGU_LIEU_OU_DESCRIPTION,,generic_rule,A_EXAMINER,False,False
F1088,False,1,SUJET_INCONNU,,unresolved,NON_IDENTIFIE,False,False
F1089,False,1,SUJET_INCONNU,,unresolved,NON_IDENTIFIE,False,False
F1090,False,1,AMBIGU_LIEU_OU_DESCRIPTION,,generic_rule,A_EXAMINER,False,False
F1091,False,1,AMBIGU_LIEU_OU_DESCRIPTION,,generic_rule,A_EXAMINER,False,False
F1092,False,1,SUJET_INCONNU,,unresolved,NON_IDENTIFIE,False,False
F1093,False,1,AMBIGU_LIEU_OU_DESCRIPTION,,generic_rule,A_EXAMINER,False,False
F1094,False,1,SUJET_INCONNU,,unresolved,NON_IDENTIFIE,False,False
F1095,False,1,BATIMENT_NOMME_AUTO,maison-strauven-tournai,named_alias,IDENTITE_COMPATIBLE_ARTICLE_SITE,False,False
F1096,False,1,SUJET_INCONNU,,unresolved,NON_IDENTIFIE,False,False
F1097,False,1,BATIMENT_NOMME_AUTO,maison-strauven-tournai,named_alias,IDENTITE_COMPATIBLE_ARTICLE_SITE,False,False
F1098,False,1,AMBIGU_LIEU_OU_DESCRIPTION,,generic_rule,A_EXAMINER,False,False
F1099,False,1,AMBIGU_LIEU_OU_DESCRIPTION,,generic_rule,A_EXAMINER,False,False
F1100,False,1,AMBIGU_LIEU_OU_DESCRIPTION,,generic_rule,A_EXAMINER,False,False
F1101,False,1,AMBIGU_LIEU_OU_DESCRIPTION,,generic_rule,A_EXAMINER,False,False
F1102,False,1,AMBIGU_LIEU_OU_DESCRIPTION,,generic_rule,A_EXAMINER,False,False
F1103,False,1,BATIMENT_NOMME_AUTO,maison-lotus,named_alias,IDENTITE_COMPATIBLE_ARTICLE_SITE,False,False
F1104,False,1,SUJET_INCONNU,,unresolved,NON_IDENTIFIE,False,False
F1105,False,1,AMBIGU_LIEU_OU_DESCRIPTION,,generic_rule,A_EXAMINER,False,False
F1106,False,1,BATIMENT_NOMME_AUTO,maison-delune-maitre-verrier,named_alias,IDENTITE_COMPATIBLE_ARTICLE_SITE,False,False
F1107,False,1,BATIMENT_NOMME_AUTO,maison-delune-maitre-verrier,named_alias,IDENTITE_COMPATIBLE_ARTICLE_SITE,False,False
F1108,False,1,AMBIGU_LIEU_OU_DESCRIPTION,,generic_rule,A_EXAMINER,False,False
F1109,False,1,SUJET_INCONNU,,unresolved,NON_IDENTIFIE,False,False
F1110,False,1,AMBIGU_LIEU_OU_DESCRIPTION,,generic_rule,A_EXAMINER,False,False
F1111,False,1,AMBIGU_LIEU_OU_DESCRIPTION,,generic_rule,A_EXAMINER,False,False
F1112,False,1,SUJET_INCONNU,,unresolved,NON_IDENTIFIE,False,False
F1113,False,1,AUTRE_CONTENU,,object_rule,CATEGORIE_AUTO,False,False
F1114,False,1,AMBIGU_LIEU_OU_DESCRIPTION,,generic_rule,A_EXAMINER,False,False
F1115,False,1,AMBIGU_LIEU_OU_DESCRIPTION,,generic_rule,A_EXAMINER,False,False
F1116,False,1,AMBIGU_LIEU_OU_DESCRIPTION,,generic_rule,A_EXAMINER,False,False
F1117,False,1,AMBIGU_LIEU_OU_DESCRIPTION,,generic_rule,A_EXAMINER,False,False
F1118,False,1,AUTRE_CONTENU,,object_rule,CATEGORIE_AUTO,False,False
F1119,False,1,AMBIGU_LIEU_OU_DESCRIPTION,,generic_rule,A_EXAMINER,False,False
F1120,False,1,BATIMENT_NOMME_AUTO,maison-des-hiboux,named_alias,IDENTITE_COMPATIBLE_ARTICLE_SITE,False,False
F1121,False,1,SUJET_INCONNU,,unresolved,NON_IDENTIFIE,False,False
F1122,False,1,AMBIGU_LIEU_OU_DESCRIPTION,,generic_rule,A_EXAMINER,False,False
F1123,False,1,AMBIGU_LIEU_OU_DESCRIPTION,,generic_rule,A_EXAMINER,False,False
F1124,False,1,BATIMENT_NOMME_AUTO,maison-aux-tulipes,named_alias,IDENTITE_COMPATIBLE_ARTICLE_SITE,False,False
F1125,False,1,AMBIGU_LIEU_OU_DESCRIPTION,,generic_rule,A_EXAMINER,False,False
F1126,False,1,AUTRE_CONTENU,,object_rule,CATEGORIE_AUTO,False,False
F1127,False,1,AMBIGU_LIEU_OU_DESCRIPTION,,generic_rule,A_EXAMINER,False,False
F1128,False,1,AMBIGU_IDENTITE,,named_alias,A_EXAMINER,False,False
F1129,False,1,AMBIGU_LIEU_OU_DESCRIPTION,,generic_rule,A_EXAMINER,False,False
F1130,False,1,AMBIGU_LIEU_OU_DESCRIPTION,,generic_rule,A_EXAMINER,False,False
F1131,False,1,BATIMENT_NOMME_AUTO,maison-des-hiboux,named_alias,IDENTITE_COMPATIBLE_ARTICLE_SITE,False,False
F1132,False,1,AMBIGU_LIEU_OU_DESCRIPTION,,generic_rule,A_EXAMINER,False,False
F1133,False,1,AMBIGU_LIEU_OU_DESCRIPTION,,generic_rule,A_EXAMINER,False,False
F1134,False,1,BATIMENT_NOMME_AUTO,maison-coilliot-lille,named_alias,IDENTITE_COMPATIBLE_ARTICLE_SITE,False,False
F1135,False,1,AMBIGU_LIEU_OU_DESCRIPTION,,generic_rule,A_EXAMINER,False,False
F1136,False,1,AMBIGU_LIEU_OU_DESCRIPTION,,generic_rule,A_EXAMINER,False,False
F1137,False,1,AMBIGU_LIEU_OU_DESCRIPTION,,generic_rule,A_EXAMINER,False,False
F1138,False,1,AMBIGU_LIEU_OU_DESCRIPTION,,generic_rule,A_EXAMINER,False,False
F1139,False,1,AMBIGU_LIEU_OU_DESCRIPTION,,generic_rule,A_EXAMINER,False,False
F1140,False,1,AMBIGU_LIEU_OU_DESCRIPTION,,generic_rule,A_EXAMINER,False,False
F1141,False,1,AMBIGU_LIEU_OU_DESCRIPTION,,generic_rule,A_EXAMINER,False,False
F1142,False,1,AMBIGU_LIEU_OU_DESCRIPTION,,generic_rule,A_EXAMINER,False,False
F1143,False,1,AMBIGU_LIEU_OU_DESCRIPTION,,generic_rule,A_EXAMINER,False,False
F1144,False,1,BATIMENT_NOMME_AUTO,maison-fernand-lefever,named_alias,IDENTITE_COMPATIBLE_ARTICLE_SITE,False,False
F1145,False,1,AMBIGU_LIEU_OU_DESCRIPTION,,generic_rule,A_EXAMINER,False,False
F1146,False,1,AMBIGU_LIEU_OU_DESCRIPTION,,generic_rule,A_EXAMINER,False,False
F1147,False,1,BATIMENT_NOMME_AUTO,maison-delune-maitre-verrier,named_alias,IDENTITE_COMPATIBLE_ARTICLE_SITE,False,False
F1148,False,1,SUJET_INCONNU,,unresolved,NON_IDENTIFIE,False,False
F1149,False,1,AMBIGU_LIEU_OU_DESCRIPTION,,generic_rule,A_EXAMINER,False,False
F1150,False,1,BATIMENT_NOMME_AUTO,lhuitriere-lille,named_alias,IDENTITE_COMPATIBLE_ARTICLE_SITE,False,False
F1151,False,1,SUJET_INCONNU,,unresolved,NON_IDENTIFIE,False,False
F1152,False,1,AUTRE_CONTENU,,object_rule,CATEGORIE_AUTO,False,False
F1153,False,1,AMBIGU_LIEU_OU_DESCRIPTION,,generic_rule,A_EXAMINER,False,False
F1154,False,1,BATIMENT_NOMME_AUTO,maison-coilliot-lille,named_alias,IDENTITE_COMPATIBLE_ARTICLE_SITE,False,False
F1155,False,1,SUJET_INCONNU,,unresolved,NON_IDENTIFIE,False,False
F1156,False,1,AMBIGU_LIEU_OU_DESCRIPTION,,generic_rule,A_EXAMINER,False,False
F1157,False,1,AMBIGU_LIEU_OU_DESCRIPTION,,generic_rule,A_EXAMINER,False,False
F1158,False,1,AMBIGU_LIEU_OU_DESCRIPTION,,generic_rule,A_EXAMINER,False,False
F1159,False,1,AMBIGU_LIEU_OU_DESCRIPTION,,generic_rule,A_EXAMINER,False,False
F1160,False,1,SUJET_INCONNU,,unresolved,NON_IDENTIFIE,False,False
F1161,False,1,AMBIGU_LIEU_OU_DESCRIPTION,,generic_rule,A_EXAMINER,False,False
F1162,False,1,SUJET_INCONNU,,unresolved,NON_IDENTIFIE,False,False
A0001,True,1,AMBIGU_LIEU_OU_DESCRIPTION,,generic_rule,A_EXAMINER,False,False
A0002,True,1,BATIMENT_NOMME_AUTO,maison-delune-maitre-verrier,named_alias,IDENTITE_COMPATIBLE_ARTICLE_SITE,False,False
A0003,True,1,AMBIGU_LIEU_OU_DESCRIPTION,,generic_rule,A_EXAMINER,False,False
A0004,True,1,AMBIGU_LIEU_OU_DESCRIPTION,,generic_rule,A_EXAMINER,False,False
A0005,True,1,AMBIGU_LIEU_OU_DESCRIPTION,,generic_rule,A_EXAMINER,False,False
A0006,True,1,BATIMENT_NOMME_AUTO,musee-horta,named_alias,NOM_EXPLICITE_LEGENDE,False,False
A0007,True,1,BATIMENT_NOMME_AUTO,maison-coilliot-lille,named_alias,IDENTITE_COMPATIBLE_ARTICLE_SITE,False,False
A0008,True,1,AMBIGU_LIEU_OU_DESCRIPTION,,generic_rule,A_EXAMINER,False,False
A0009,True,1,BATIMENT_NOMME_AUTO,magasin-niguet,named_alias,NOM_EXPLICITE_LEGENDE,True,False
A0010,True,1,AMBIGU_LIEU_OU_DESCRIPTION,,generic_rule,A_EXAMINER,False,False
A0011,True,1,AMBIGU_LIEU_OU_DESCRIPTION,,generic_rule,A_EXAMINER,False,False
A0012,True,1,AMBIGU_LIEU_OU_DESCRIPTION,,generic_rule,A_EXAMINER,False,False
A0013,True,1,AMBIGU_LIEU_OU_DESCRIPTION,,generic_rule,A_EXAMINER,False,False
A0014,True,1,BATIMENT_NOMME_AUTO,maison-bacot,named_alias,NOM_EXPLICITE_LEGENDE,False,False
A0015,True,1,AMBIGU_LIEU_OU_DESCRIPTION,,generic_rule,A_EXAMINER,False,False
A0016,True,1,AMBIGU_LIEU_OU_DESCRIPTION,,generic_rule,A_EXAMINER,False,False
A0017,True,1,BATIMENT_NOMME_AUTO,maison-piot,named_alias,SERIE_MULTIVUES_VERIFIEE_PARTIELLEMENT,False,False
A0018,True,1,AUTRE_CONTENU,,object_rule,CATEGORIE_AUTO,False,False
A0019,True,1,AMBIGU_LIEU_OU_DESCRIPTION,,generic_rule,A_EXAMINER,False,False
A0020,True,1,SUJET_INCONNU,,unresolved,NON_IDENTIFIE,False,False
A0021,True,1,AMBIGU_LIEU_OU_DESCRIPTION,,generic_rule,A_EXAMINER,False,False
A0022,True,1,AMBIGU_LIEU_OU_DESCRIPTION,,generic_rule,A_EXAMINER,False,False
A0023,True,1,AMBIGU_LIEU_OU_DESCRIPTION,,generic_rule,A_EXAMINER,False,False
A0024,True,1,AMBIGU_LIEU_OU_DESCRIPTION,,generic_rule,A_EXAMINER,False,False
A0025,True,1,AMBIGU_LIEU_OU_DESCRIPTION,,generic_rule,A_EXAMINER,False,False
A0026,True,1,AUTRE_CONTENU,,object_rule,CATEGORIE_AUTO,False,False
A0027,True,1,BATIMENT_NOMME_AUTO,maison-delune-maitre-verrier,named_alias,IDENTITE_COMPATIBLE_ARTICLE_SITE,False,False
A0028,True,1,SUJET_INCONNU,,unresolved,NON_IDENTIFIE,False,False
A0029,True,1,AMBIGU_LIEU_OU_DESCRIPTION,,generic_rule,A_EXAMINER,False,False
A0030,True,1,SUJET_INCONNU,,unresolved,NON_IDENTIFIE,False,False
A0031,True,1,SUJET_INCONNU,,unresolved,NON_IDENTIFIE,False,False
A0032,True,1,AMBIGU_LIEU_OU_DESCRIPTION,,generic_rule,A_EXAMINER,False,False
A0033,True,1,AMBIGU_LIEU_OU_DESCRIPTION,,generic_rule,A_EXAMINER,False,False
A0034,True,1,SUJET_INCONNU,,unresolved,NON_IDENTIFIE,False,False
A0035,True,1,AMBIGU_LIEU_OU_DESCRIPTION,,generic_rule,A_EXAMINER,False,False
A0036,True,1,AMBIGU_LIEU_OU_DESCRIPTION,,generic_rule,A_EXAMINER,False,False
A0037,True,1,AMBIGU_LIEU_OU_DESCRIPTION,,generic_rule,A_EXAMINER,False,False
A0038,True,1,SUJET_INCONNU,,unresolved,NON_IDENTIFIE,False,False
A0039,True,1,SUJET_INCONNU,,unresolved,NON_IDENTIFIE,False,False
A0040,True,1,AMBIGU_LIEU_OU_DESCRIPTION,,generic_rule,A_EXAMINER,False,False
A0041,True,1,AMBIGU_LIEU_OU_DESCRIPTION,,generic_rule,A_EXAMINER,False,False
A0042,True,1,AMBIGU_LIEU_OU_DESCRIPTION,,generic_rule,A_EXAMINER,False,False
A0043,True,1,AMBIGU_LIEU_OU_DESCRIPTION,,generic_rule,A_EXAMINER,False,False
A0044,True,1,AMBIGU_LIEU_OU_DESCRIPTION,,generic_rule,A_EXAMINER,False,False
A0045,True,1,BATIMENT_NOMME_AUTO,palais-secession-vienne,named_alias,IDENTITE_COMPATIBLE_ARTICLE_SITE,False,False
A0046,True,1,AMBIGU_LIEU_OU_DESCRIPTION,,generic_rule,A_EXAMINER,False,False
A0047,True,1,AMBIGU_LIEU_OU_DESCRIPTION,,generic_rule,A_EXAMINER,False,False
A0048,True,1,SUJET_INCONNU,,unresolved,NON_IDENTIFIE,False,False
A0049,True,1,AMBIGU_LIEU_OU_DESCRIPTION,,generic_rule,A_EXAMINER,False,False
A0050,True,1,AMBIGU_LIEU_OU_DESCRIPTION,,generic_rule,A_EXAMINER,False,False
A0051,True,1,AMBIGU_LIEU_OU_DESCRIPTION,,generic_rule,A_EXAMINER,False,False
A0052,True,1,AMBIGU_LIEU_OU_DESCRIPTION,,generic_rule,A_EXAMINER,False,False
A0053,True,1,AUTRE_CONTENU,,non_identifiable_message,CATEGORIE_AUTO,False,False
A0054,True,1,AMBIGU_LIEU_OU_DESCRIPTION,,generic_rule,A_EXAMINER,False,False
A0055,True,1,AMBIGU_LIEU_OU_DESCRIPTION,,generic_rule,A_EXAMINER,False,False
A0056,True,1,SUJET_INCONNU,,unresolved,NON_IDENTIFIE,False,False
A0057,True,1,AMBIGU_LIEU_OU_DESCRIPTION,,generic_rule,A_EXAMINER,False,False
A0058,True,1,AUTRE_CONTENU,,object_rule,CATEGORIE_AUTO,False,False
A0059,True,1,BATIMENT_NOMME_AUTO,hotel-tassel,named_alias,NOM_EXPLICITE_LEGENDE,False,False
A0060,True,1,AMBIGU_LIEU_OU_DESCRIPTION,,generic_rule,A_EXAMINER,False,False
A0061,True,1,AMBIGU_LIEU_OU_DESCRIPTION,,generic_rule,A_EXAMINER,False,False
A0062,True,1,SUJET_INCONNU,,unresolved,NON_IDENTIFIE,False,False
A0063,True,1,AMBIGU_LIEU_OU_DESCRIPTION,,generic_rule,A_EXAMINER,False,False
A0064,True,1,AMBIGU_LIEU_OU_DESCRIPTION,,generic_rule,A_EXAMINER,False,False
A0065,True,1,SUJET_INCONNU,,unresolved,NON_IDENTIFIE,False,False
A0066,True,1,SUJET_INCONNU,,unresolved,NON_IDENTIFIE,False,False
A0067,True,1,AUTRE_CONTENU,,object_rule,CATEGORIE_AUTO,False,False
A0068,True,1,SUJET_INCONNU,,unresolved,NON_IDENTIFIE,False,False
A0069,True,1,AMBIGU_LIEU_OU_DESCRIPTION,,generic_rule,A_EXAMINER,False,False
A0070,True,1,BATIMENT_NOMME_AUTO,maison-coilliot-lille,named_alias,IDENTITE_COMPATIBLE_ARTICLE_SITE,False,False
A0071,True,1,AMBIGU_LIEU_OU_DESCRIPTION,,generic_rule,A_EXAMINER,False,False
A0072,True,1,SUJET_INCONNU,,unresolved,NON_IDENTIFIE,False,False
A0073,True,1,SUJET_INCONNU,,unresolved,NON_IDENTIFIE,False,False
A0074,True,1,AMBIGU_LIEU_OU_DESCRIPTION,,generic_rule,A_EXAMINER,False,False
A0075,True,1,SUJET_INCONNU,,unresolved,NON_IDENTIFIE,False,False
A0076,True,1,AMBIGU_LIEU_OU_DESCRIPTION,,generic_rule,A_EXAMINER,False,False
A0077,True,1,AUTRE_CONTENU,,object_rule,CATEGORIE_AUTO,False,False
A0078,True,1,AMBIGU_LIEU_OU_DESCRIPTION,,generic_rule,A_EXAMINER,False,False
A0079,True,1,AUTRE_CONTENU,,object_rule,CATEGORIE_AUTO,False,False
A0080,True,1,AMBIGU_LIEU_OU_DESCRIPTION,,generic_rule,A_EXAMINER,False,False
A0081,True,1,AUTRE_CONTENU,,object_rule,CATEGORIE_AUTO,False,False
A0082,True,1,AMBIGU_LIEU_OU_DESCRIPTION,,generic_rule,A_EXAMINER,False,False
A0083,True,1,SUJET_INCONNU,,unresolved,NON_IDENTIFIE,False,False
A0084,True,1,AMBIGU_LIEU_OU_DESCRIPTION,,generic_rule,A_EXAMINER,False,False
A0085,True,1,AUTRE_CONTENU,,object_rule,CATEGORIE_AUTO,False,False
A0086,True,1,AMBIGU_LIEU_OU_DESCRIPTION,,generic_rule,A_EXAMINER,False,False
A0087,True,1,SUJET_INCONNU,,unresolved,NON_IDENTIFIE,False,False
A0088,True,1,AUTRE_CONTENU,,object_rule,CATEGORIE_AUTO,False,False
A0089,True,1,AMBIGU_LIEU_OU_DESCRIPTION,,generic_rule,A_EXAMINER,False,False
A0090,True,1,SUJET_INCONNU,,unresolved,NON_IDENTIFIE,False,False
A0091,True,1,AMBIGU_LIEU_OU_DESCRIPTION,,generic_rule,A_EXAMINER,False,False
A0092,True,1,AMBIGU_LIEU_OU_DESCRIPTION,,generic_rule,A_EXAMINER,False,False
A0093,True,1,AMBIGU_LIEU_OU_DESCRIPTION,,generic_rule,A_EXAMINER,False,False
A0094,True,1,AMBIGU_LIEU_OU_DESCRIPTION,,generic_rule,A_EXAMINER,False,False
A0095,True,1,AMBIGU_LIEU_OU_DESCRIPTION,,generic_rule,A_EXAMINER,False,False
A0096,True,1,BATIMENT_NOMME_AUTO,gare-lens,named_alias,NOM_EXPLICITE_LEGENDE,False,False
A0097,True,1,AMBIGU_LIEU_OU_DESCRIPTION,,generic_rule,A_EXAMINER,False,False
A0098,True,1,AMBIGU_LIEU_OU_DESCRIPTION,,generic_rule,A_EXAMINER,False,False
A0099,True,1,AMBIGU_LIEU_OU_DESCRIPTION,,generic_rule,A_EXAMINER,False,False
A0100,True,1,AMBIGU_LIEU_OU_DESCRIPTION,,generic_rule,A_EXAMINER,False,False
A0101,True,1,SUJET_INCONNU,,unresolved,NON_IDENTIFIE,False,False
A0102,True,1,SUJET_INCONNU,,unresolved,NON_IDENTIFIE,False,False
A0103,True,1,AUTRE_CONTENU,,object_rule,CATEGORIE_AUTO,False,False
A0104,True,1,SUJET_INCONNU,,unresolved,NON_IDENTIFIE,False,False
A0105,True,1,AMBIGU_LIEU_OU_DESCRIPTION,,generic_rule,A_EXAMINER,False,False
A0106,True,1,BATIMENT_NOMME_AUTO,maison-de-poore,named_alias,NOM_EXPLICITE_LEGENDE,False,False
A0107,True,1,AMBIGU_LIEU_OU_DESCRIPTION,,generic_rule,A_EXAMINER,False,False
A0108,True,1,AMBIGU_LIEU_OU_DESCRIPTION,,generic_rule,A_EXAMINER,False,False
A0109,True,1,AMBIGU_LIEU_OU_DESCRIPTION,,generic_rule,A_EXAMINER,False,False
A0110,True,1,SUJET_INCONNU,,unresolved,NON_IDENTIFIE,False,False
A0111,True,1,SUJET_INCONNU,,unresolved,NON_IDENTIFIE,False,False
A0112,True,1,AUTRE_CONTENU,,object_rule,CATEGORIE_AUTO,False,False
A0113,True,1,SUJET_INCONNU,,unresolved,NON_IDENTIFIE,False,False
A0114,True,1,SUJET_INCONNU,,unresolved,NON_IDENTIFIE,False,False
A0115,True,1,AMBIGU_LIEU_OU_DESCRIPTION,,generic_rule,A_EXAMINER,False,False
A0116,True,1,AMBIGU_LIEU_OU_DESCRIPTION,,generic_rule,A_EXAMINER,False,False
A0117,True,1,SUJET_INCONNU,,unresolved,NON_IDENTIFIE,False,False
A0118,True,1,AMBIGU_LIEU_OU_DESCRIPTION,,generic_rule,A_EXAMINER,False,False
A0119,True,1,AUTRE_CONTENU,,object_rule,CATEGORIE_AUTO,False,False
A0120,True,1,SUJET_INCONNU,,unresolved,NON_IDENTIFIE,False,False
A0121,True,1,SUJET_INCONNU,,unresolved,NON_IDENTIFIE,False,False
A0122,True,1,AMBIGU_LIEU_OU_DESCRIPTION,,generic_rule,A_EXAMINER,False,False
A0123,True,1,AUTRE_CONTENU,,object_rule,CATEGORIE_AUTO,False,False
A0124,True,1,AUTRE_CONTENU,,object_rule,CATEGORIE_AUTO,False,False
A0125,True,1,AMBIGU_LIEU_OU_DESCRIPTION,,generic_rule,A_EXAMINER,False,False
A0126,True,1,AMBIGU_LIEU_OU_DESCRIPTION,,generic_rule,A_EXAMINER,False,False
A0127,True,1,AMBIGU_LIEU_OU_DESCRIPTION,,generic_rule,A_EXAMINER,False,False
A0128,True,1,SUJET_INCONNU,,unresolved,NON_IDENTIFIE,False,False
A0129,True,1,SUJET_INCONNU,,unresolved,NON_IDENTIFIE,False,False
A0130,True,1,SUJET_INCONNU,,unresolved,NON_IDENTIFIE,False,False
A0131,True,1,AUTRE_CONTENU,,object_rule,CATEGORIE_AUTO,False,False
A0132,True,1,AMBIGU_LIEU_OU_DESCRIPTION,,generic_rule,A_EXAMINER,False,False
A0133,True,1,AMBIGU_LIEU_OU_DESCRIPTION,,generic_rule,A_EXAMINER,False,False
A0134,True,1,SUJET_INCONNU,,unresolved,NON_IDENTIFIE,False,False
A0135,True,1,AMBIGU_LIEU_OU_DESCRIPTION,,generic_rule,A_EXAMINER,False,False
A0136,True,1,AMBIGU_LIEU_OU_DESCRIPTION,,generic_rule,A_EXAMINER,False,False
A0137,True,1,AMBIGU_LIEU_OU_DESCRIPTION,,generic_rule,A_EXAMINER,False,False
A0138,True,1,AMBIGU_LIEU_OU_DESCRIPTION,,generic_rule,A_EXAMINER,False,False
A0139,True,1,SUJET_INCONNU,,unresolved,NON_IDENTIFIE,False,False
A0140,True,1,SUJET_INCONNU,,unresolved,NON_IDENTIFIE,False,False
A0141,True,1,AMBIGU_LIEU_OU_DESCRIPTION,,generic_rule,A_EXAMINER,False,False
A0142,True,1,AMBIGU_LIEU_OU_DESCRIPTION,,generic_rule,A_EXAMINER,False,False
A0143,True,1,AMBIGU_LIEU_OU_DESCRIPTION,,generic_rule,A_EXAMINER,False,False
A0144,True,1,SUJET_INCONNU,,unresolved,NON_IDENTIFIE,False,False
A0145,True,1,SUJET_INCONNU,,unresolved,NON_IDENTIFIE,False,False
A0146,True,1,AMBIGU_LIEU_OU_DESCRIPTION,,generic_rule,A_EXAMINER,False,False
A0147,True,1,SUJET_INCONNU,,unresolved,NON_IDENTIFIE,False,False
A0148,True,1,AMBIGU_LIEU_OU_DESCRIPTION,,generic_rule,A_EXAMINER,False,False
A0149,True,1,SUJET_INCONNU,,unresolved,NON_IDENTIFIE,False,False
A0150,True,1,SUJET_INCONNU,,unresolved,NON_IDENTIFIE,False,False
A0151,True,1,AMBIGU_LIEU_OU_DESCRIPTION,,generic_rule,A_EXAMINER,False,False
A0152,True,1,SUJET_INCONNU,,unresolved,NON_IDENTIFIE,False,False
A0153,True,1,SUJET_INCONNU,,unresolved,NON_IDENTIFIE,False,False
A0154,True,1,AMBIGU_LIEU_OU_DESCRIPTION,,generic_rule,A_EXAMINER,False,False
A0155,True,1,SUJET_INCONNU,,unresolved,NON_IDENTIFIE,False,False
A0156,True,1,SUJET_INCONNU,,unresolved,NON_IDENTIFIE,False,False
A0157,True,1,AUTRE_CONTENU,,object_rule,CATEGORIE_AUTO,False,False
A0158,True,1,SUJET_INCONNU,,unresolved,NON_IDENTIFIE,False,False
A0159,True,1,AMBIGU_LIEU_OU_DESCRIPTION,,generic_rule,A_EXAMINER,False,False
A0160,True,1,SUJET_INCONNU,,unresolved,NON_IDENTIFIE,False,False
A0161,True,1,AMBIGU_LIEU_OU_DESCRIPTION,,generic_rule,A_EXAMINER,False,False
A0162,True,1,AMBIGU_LIEU_OU_DESCRIPTION,,generic_rule,A_EXAMINER,False,False
A0163,True,1,SUJET_INCONNU,,unresolved,NON_IDENTIFIE,False,False
A0164,True,1,AMBIGU_LIEU_OU_DESCRIPTION,,generic_rule,A_EXAMINER,False,False
A0165,True,1,SUJET_INCONNU,,unresolved,NON_IDENTIFIE,False,False
A0166,True,1,SUJET_INCONNU,,unresolved,NON_IDENTIFIE,False,False
A0167,True,1,AMBIGU_LIEU_OU_DESCRIPTION,,generic_rule,A_EXAMINER,False,False
A0168,True,1,AMBIGU_LIEU_OU_DESCRIPTION,,generic_rule,A_EXAMINER,False,False
A0169,True,1,AMBIGU_LIEU_OU_DESCRIPTION,,generic_rule,A_EXAMINER,False,False
A0170,True,1,SUJET_INCONNU,,unresolved,NON_IDENTIFIE,False,False
A0171,True,1,AMBIGU_LIEU_OU_DESCRIPTION,,generic_rule,A_EXAMINER,False,False
A0172,True,1,SUJET_INCONNU,,unresolved,NON_IDENTIFIE,False,False
A0173,True,1,AMBIGU_LIEU_OU_DESCRIPTION,,generic_rule,A_EXAMINER,False,False
A0174,True,1,SUJET_INCONNU,,unresolved,NON_IDENTIFIE,False,False
A0175,True,1,AMBIGU_LIEU_OU_DESCRIPTION,,generic_rule,A_EXAMINER,False,False
A0176,True,1,SUJET_INCONNU,,unresolved,NON_IDENTIFIE,False,False
A0177,True,1,SUJET_INCONNU,,unresolved,NON_IDENTIFIE,False,False
A0178,True,1,AMBIGU_LIEU_OU_DESCRIPTION,,generic_rule,A_EXAMINER,False,False
A0179,True,1,SUJET_INCONNU,,unresolved,NON_IDENTIFIE,False,False
A0180,True,1,SUJET_INCONNU,,unresolved,NON_IDENTIFIE,False,False
A0181,True,1,AMBIGU_LIEU_OU_DESCRIPTION,,generic_rule,A_EXAMINER,False,False
A0182,True,1,SUJET_INCONNU,,unresolved,NON_IDENTIFIE,False,False
A0183,True,1,AMBIGU_LIEU_OU_DESCRIPTION,,generic_rule,A_EXAMINER,False,False
A0184,True,1,AMBIGU_LIEU_OU_DESCRIPTION,,generic_rule,A_EXAMINER,False,False
A0185,True,1,AUTRE_CONTENU,,object_rule,CATEGORIE_AUTO,False,False
A0186,True,1,SUJET_INCONNU,,unresolved,NON_IDENTIFIE,False,False
A0187,True,1,AMBIGU_LIEU_OU_DESCRIPTION,,generic_rule,A_EXAMINER,False,False
A0188,True,1,SUJET_INCONNU,,unresolved,NON_IDENTIFIE,False,False
A0189,True,1,SUJET_INCONNU,,unresolved,NON_IDENTIFIE,False,False
A0190,True,1,AMBIGU_LIEU_OU_DESCRIPTION,,generic_rule,A_EXAMINER,False,False
A0191,True,1,SUJET_INCONNU,,unresolved,NON_IDENTIFIE,False,False
A0192,True,1,AMBIGU_LIEU_OU_DESCRIPTION,,generic_rule,A_EXAMINER,False,False
A0193,True,1,AMBIGU_LIEU_OU_DESCRIPTION,,generic_rule,A_EXAMINER,False,False
A0194,True,1,AMBIGU_LIEU_OU_DESCRIPTION,,generic_rule,A_EXAMINER,False,False
A0195,True,1,AMBIGU_LIEU_OU_DESCRIPTION,,generic_rule,A_EXAMINER,False,False
A0196,True,1,AMBIGU_LIEU_OU_DESCRIPTION,,generic_rule,A_EXAMINER,False,False
A0197,True,1,AMBIGU_LIEU_OU_DESCRIPTION,,generic_rule,A_EXAMINER,False,False
A0198,True,2,SUJET_INCONNU,,unresolved,NON_IDENTIFIE,False,False
A0199,True,1,SUJET_INCONNU,,unresolved,NON_IDENTIFIE,False,False
A0200,True,1,AMBIGU_LIEU_OU_DESCRIPTION,,generic_rule,A_EXAMINER,False,False
A0201,True,1,AMBIGU_LIEU_OU_DESCRIPTION,,generic_rule,A_EXAMINER,False,False
A0202,True,1,SUJET_INCONNU,,unresolved,NON_IDENTIFIE,False,False
A0203,True,1,SUJET_INCONNU,,unresolved,NON_IDENTIFIE,False,False
A0204,True,1,SUJET_INCONNU,,unresolved,NON_IDENTIFIE,False,False
A0205,True,1,AUTRE_CONTENU,,object_rule,CATEGORIE_AUTO,False,False
A0206,True,1,SUJET_INCONNU,,unresolved,NON_IDENTIFIE,False,False
A0207,True,1,SUJET_INCONNU,,unresolved,NON_IDENTIFIE,False,False
A0208,True,1,AMBIGU_LIEU_OU_DESCRIPTION,,generic_rule,A_EXAMINER,False,False
A0209,True,1,SUJET_INCONNU,,unresolved,NON_IDENTIFIE,False,False
A0210,True,1,SUJET_INCONNU,,unresolved,NON_IDENTIFIE,False,False
A0211,True,1,SUJET_INCONNU,,unresolved,NON_IDENTIFIE,False,False
A0212,True,1,AMBIGU_LIEU_OU_DESCRIPTION,,generic_rule,A_EXAMINER,False,False
A0213,True,1,SUJET_INCONNU,,unresolved,NON_IDENTIFIE,False,False
A0214,True,1,AMBIGU_LIEU_OU_DESCRIPTION,,generic_rule,A_EXAMINER,False,False
A0215,True,1,SUJET_INCONNU,,unresolved,NON_IDENTIFIE,False,False
A0216,True,1,SUJET_INCONNU,,unresolved,NON_IDENTIFIE,False,False
A0217,True,1,SUJET_INCONNU,,unresolved,NON_IDENTIFIE,False,False
A0218,True,1,SUJET_INCONNU,,unresolved,NON_IDENTIFIE,False,False
A0219,True,1,AMBIGU_LIEU_OU_DESCRIPTION,,generic_rule,A_EXAMINER,False,False
A0220,True,1,AMBIGU_LIEU_OU_DESCRIPTION,,generic_rule,A_EXAMINER,False,False
A0221,True,1,SUJET_INCONNU,,unresolved,NON_IDENTIFIE,False,False
A0222,True,1,SUJET_INCONNU,,unresolved,NON_IDENTIFIE,False,False
A0223,True,1,SUJET_INCONNU,,unresolved,NON_IDENTIFIE,False,False
A0224,True,1,SUJET_INCONNU,,unresolved,NON_IDENTIFIE,False,False
A0225,True,1,SUJET_INCONNU,,unresolved,NON_IDENTIFIE,False,False
A0226,True,1,SUJET_INCONNU,,unresolved,NON_IDENTIFIE,False,False
A0227,True,1,SUJET_INCONNU,,unresolved,NON_IDENTIFIE,False,False
A0228,True,1,SUJET_INCONNU,,unresolved,NON_IDENTIFIE,False,False
A0229,True,1,SUJET_INCONNU,,unresolved,NON_IDENTIFIE,False,False
A0230,True,1,SUJET_INCONNU,,unresolved,NON_IDENTIFIE,False,False
A0231,True,1,SUJET_INCONNU,,unresolved,NON_IDENTIFIE,False,False
A0232,True,1,SUJET_INCONNU,,unresolved,NON_IDENTIFIE,False,False
A0233,True,1,SUJET_INCONNU,,unresolved,NON_IDENTIFIE,False,False
A0234,True,1,AMBIGU_LIEU_OU_DESCRIPTION,,generic_rule,A_EXAMINER,False,False
A0235,True,1,AMBIGU_LIEU_OU_DESCRIPTION,,generic_rule,A_EXAMINER,False,False
A0236,True,1,AMBIGU_LIEU_OU_DESCRIPTION,,generic_rule,A_EXAMINER,False,False
A0237,True,1,AMBIGU_LIEU_OU_DESCRIPTION,,generic_rule,A_EXAMINER,False,False
A0238,True,1,SUJET_INCONNU,,unresolved,NON_IDENTIFIE,False,False
A0239,True,1,SUJET_INCONNU,,unresolved,NON_IDENTIFIE,False,False
A0240,True,1,SUJET_INCONNU,,unresolved,NON_IDENTIFIE,False,False
A0241,True,1,AMBIGU_LIEU_OU_DESCRIPTION,,generic_rule,A_EXAMINER,False,False
A0242,True,1,AMBIGU_LIEU_OU_DESCRIPTION,,generic_rule,A_EXAMINER,False,False
A0243,True,1,AMBIGU_LIEU_OU_DESCRIPTION,,generic_rule,A_EXAMINER,False,False
A0244,True,1,AMBIGU_LIEU_OU_DESCRIPTION,,generic_rule,A_EXAMINER,False,False
A0245,True,1,SUJET_INCONNU,,unresolved,NON_IDENTIFIE,False,False
A0246,True,1,AMBIGU_LIEU_OU_DESCRIPTION,,generic_rule,A_EXAMINER,False,False
A0247,True,1,SUJET_INCONNU,,unresolved,NON_IDENTIFIE,False,False
A0248,True,1,AMBIGU_LIEU_OU_DESCRIPTION,,generic_rule,A_EXAMINER,False,False
A0249,True,1,AMBIGU_LIEU_OU_DESCRIPTION,,generic_rule,A_EXAMINER,False,False
A0250,True,1,AMBIGU_LIEU_OU_DESCRIPTION,,generic_rule,A_EXAMINER,False,False
A0251,True,1,SUJET_INCONNU,,unresolved,NON_IDENTIFIE,False,False
A0252,True,1,SUJET_INCONNU,,unresolved,NON_IDENTIFIE,False,False
A0253,True,1,SUJET_INCONNU,,unresolved,NON_IDENTIFIE,False,False
A0254,True,1,AMBIGU_LIEU_OU_DESCRIPTION,,generic_rule,A_EXAMINER,False,False
A0255,True,1,SUJET_INCONNU,,unresolved,NON_IDENTIFIE,False,False
A0256,True,1,AMBIGU_LIEU_OU_DESCRIPTION,,generic_rule,A_EXAMINER,False,False
A0257,True,1,SUJET_INCONNU,,unresolved,NON_IDENTIFIE,False,False
A0258,True,1,AMBIGU_LIEU_OU_DESCRIPTION,,generic_rule,A_EXAMINER,False,False
A0259,True,1,AMBIGU_LIEU_OU_DESCRIPTION,,generic_rule,A_EXAMINER,False,False
A0260,True,1,AUTRE_CONTENU,,non_identifiable_message,CATEGORIE_AUTO,False,False
A0261,True,1,AMBIGU_LIEU_OU_DESCRIPTION,,generic_rule,A_EXAMINER,False,False
A0262,True,1,AMBIGU_LIEU_OU_DESCRIPTION,,generic_rule,A_EXAMINER,False,False
A0263,True,1,AMBIGU_LIEU_OU_DESCRIPTION,,generic_rule,A_EXAMINER,False,False
A0264,True,1,AMBIGU_LIEU_OU_DESCRIPTION,,generic_rule,A_EXAMINER,False,False
A0265,True,1,SUJET_INCONNU,,unresolved,NON_IDENTIFIE,False,False
A0266,True,1,SUJET_INCONNU,,unresolved,NON_IDENTIFIE,False,False
A0267,True,1,AMBIGU_LIEU_OU_DESCRIPTION,,generic_rule,A_EXAMINER,False,False
A0268,True,1,SUJET_INCONNU,,unresolved,NON_IDENTIFIE,False,False
A0269,True,1,SUJET_INCONNU,,unresolved,NON_IDENTIFIE,False,False
